data_hora,linha,estacao,produto,numero_serie,status,tempo_ciclo_segundos
2026-08-04 07:00:00,L03,POSTO05,PRODUTO_A,SN04000001,PASS,40
2026-08-04 07:00:48,L02,POSTO03,PRODUTO_D,SN04000002,PASS,59
2026-08-04 07:01:36,L02,POSTO04,PRODUTO_D,SN04000003,PASS,57
2026-08-04 07:02:24,L02,POSTO03,PRODUTO_A,SN04000004,PASS,45
2026-08-04 07:03:12,L03,POSTO05,PRODUTO_D,SN04000005,FAIL,77
2026-08-04 07:04:00,L03,POSTO05,PRODUTO_A,SN04000006,PASS,56
2026-08-04 07:04:48,L03,POSTO06,PRODUTO_C,SN04000007,PASS,57
2026-08-04 07:05:36,L02,POSTO04,PRODUTO_B,SN04000008,PASS,67
2026-08-04 07:06:24,L04,POSTO08,PRODUTO_B,SN04000009,PASS,52
2026-08-04 07:07:12,L02,POSTO03,PRODUTO_B,SN04000010,PASS,56
2026-08-04 07:08:00,L02,POSTO04,PRODUTO_A,SN04000011,PASS,46
2026-08-04 07:08:48,L02,POSTO04,PRODUTO_D,SN04000012,PASS,63
2026-08-04 07:09:36,L03,POSTO06,PRODUTO_D,SN04000013,PASS,67
2026-08-04 07:10:24,L01,POSTO01,PRODUTO_C,SN04000014,PASS,49
2026-08-04 07:11:12,L04,POSTO08,PRODUTO_A,SN04000015,PASS,51
2026-08-04 07:12:00,L02,POSTO03,PRODUTO_D,SN04000016,PASS,64
2026-08-04 07:12:48,L04,POSTO08,PRODUTO_A,SN04000017,PASS,39
2026-08-04 07:13:36,L03,POSTO05,PRODUTO_D,SN04000018,PASS,58
2026-08-04 07:14:24,L01,POSTO02,PRODUTO_C,SN04000019,PASS,59
2026-08-04 07:15:12,L01,POSTO02,PRODUTO_A,SN04000020,PASS,42
2026-08-04 07:16:00,L04,POSTO08,PRODUTO_C,SN04000021,PASS,62
2026-08-04 07:16:48,L04,POSTO07,PRODUTO_C,SN04000022,PASS,47
2026-08-04 07:17:36,L04,POSTO08,PRODUTO_B,SN04000023,PASS,62
2026-08-04 07:18:24,L02,POSTO04,PRODUTO_D,SN04000024,PASS,60
2026-08-04 07:19:12,L04,POSTO07,PRODUTO_A,SN04000025,PASS,42
2026-08-04 07:20:00,L02,POSTO04,PRODUTO_B,SN04000026,PASS,63
2026-08-04 07:20:48,L01,POSTO01,PRODUTO_A,SN04000027,PASS,50
2026-08-04 07:21:36,L01,POSTO02,PRODUTO_D,SN04000028,PASS,74
2026-08-04 07:22:24,L04,POSTO08,PRODUTO_A,SN04000029,PASS,45
2026-08-04 07:23:12,L03,POSTO06,PRODUTO_D,SN04000030,PASS,58
2026-08-04 07:24:00,L02,POSTO03,PRODUTO_B,SN04000031,PASS,50
2026-08-04 07:24:48,L04,POSTO08,PRODUTO_A,SN04000032,PASS,45
2026-08-04 07:25:36,L03,POSTO05,PRODUTO_C,SN04000033,PASS,64
2026-08-04 07:26:24,L01,POSTO02,PRODUTO_D,SN04000034,PASS,57
2026-08-04 07:27:12,L01,POSTO01,PRODUTO_C,SN04000035,PASS,54
2026-08-04 07:28:00,L03,POSTO06,PRODUTO_D,SN04000036,PASS,55
2026-08-04 07:28:48,L03,POSTO06,PRODUTO_A,SN04000037,PASS,51
2026-08-04 07:29:36,L01,POSTO01,PRODUTO_B,SN04000038,PASS,45
2026-08-04 07:30:24,L04,POSTO07,PRODUTO_A,SN04000039,PASS,45
2026-08-04 07:31:12,L04,POSTO08,PRODUTO_C,SN04000040,PASS,59
2026-08-04 07:32:00,L04,POSTO08,PRODUTO_B,SN04000041,PASS,60
2026-08-04 07:32:48,L04,POSTO07,PRODUTO_D,SN04000042,PASS,69
2026-08-04 07:33:36,L02,POSTO04,PRODUTO_A,SN04000043,PASS,49
2026-08-04 07:34:24,L04,POSTO08,PRODUTO_B,SN04000044,PASS,55
2026-08-04 07:35:12,L01,POSTO02,PRODUTO_A,SN04000045,PASS,48
2026-08-04 07:36:00,L03,POSTO05,PRODUTO_A,SN04000046,PASS,48
2026-08-04 07:36:48,L04,POSTO07,PRODUTO_A,SN04000047,PASS,43
2026-08-04 07:37:36,L03,POSTO05,PRODUTO_X,SN04000048,PASS,63
2026-08-04 07:38:24,L01,POSTO01,PRODUTO_B,SN04000049,PASS,50
2026-08-04 07:39:12,L03,POSTO05,PRODUTO_D,SN04000050,PASS,67
2026-08-04 07:40:00,L03,POSTO05,PRODUTO_C,SN04000051,PASS,64
2026-08-04 07:40:48,L03,POSTO06,PRODUTO_B,SN04000052,PASS,57
2026-08-04 07:41:36,L02,POSTO04,PRODUTO_A,SN04000053,PASS,36
2026-08-04 07:42:24,L03,POSTO06,PRODUTO_A,SN04000054,PASS,44
2026-08-04 07:43:12,L04,POSTO07,PRODUTO_D,SN04000055,PASS,67
2026-08-04 07:44:00,L02,POSTO03,PRODUTO_D,SN04000056,PASS,52
2026-08-04 07:44:48,L01,POSTO01,PRODUTO_A,SN04000057,PASS,42
2026-08-04 07:45:36,L01,POSTO01,PRODUTO_B,SN04000058,PASS,50
2026-08-04 07:46:24,L02,POSTO04,PRODUTO_C,SN04000059,PASS,68
2026-08-04 07:47:12,L04,POSTO08,PRODUTO_A,SN04000060,PASS,42
2026-08-04 07:48:00,L01,POSTO01,PRODUTO_C,SN04000061,PASS,66
2026-08-04 07:48:48,L01,POSTO02,PRODUTO_B,SN04000062,PASS,41
2026-08-04 07:49:36,L01,POSTO02,PRODUTO_D,SN04000063,PASS,52
2026-08-04 07:50:24,L03,POSTO05,PRODUTO_C,SN04000064,FAIL,79
2026-08-04 07:51:12,L03,POSTO06,PRODUTO_A,SN04000065,PASS,47
2026-08-04 07:52:00,L03,POSTO06,PRODUTO_C,SN04000066,PASS,57
2026-08-04 07:52:48,L04,POSTO08,PRODUTO_C,SN04000067,PASS,54
2026-08-04 07:53:36,L02,POSTO04,PRODUTO_B,SN04000068,PASS,58
2026-08-04 07:54:24,L04,POSTO07,PRODUTO_D,SN04000069,PASS,70
2026-08-04 07:55:12,L03,POSTO06,PRODUTO_A,SN04000070,PASS,44
2026-08-04 07:56:00,L04,POSTO08,PRODUTO_C,SN04000071,PASS,62
2026-08-04 07:56:48,L03,POSTO06,PRODUTO_C,SN04000072,FAIL,81
2026-08-04 07:57:36,L03,POSTO06,PRODUTO_D,SN04000073,PASS,62
2026-08-04 07:58:24,L04,POSTO08,PRODUTO_A,SN04000074,PASS,45
2026-08-04 07:59:12,L01,POSTO02,PRODUTO_A,SN04000075,PASS,50
2026-08-04 08:00:00,L01,POSTO01,PRODUTO_B,SN04000076,PASS,47
2026-08-04 08:00:48,L01,POSTO01,PRODUTO_C,SN04000077,PASS,57
2026-08-04 08:01:36,L02,POSTO03,PRODUTO_B,SN04000078,PASS,63
2026-08-04 08:02:24,L02,POSTO04,PRODUTO_C,SN04000079,PASS,60
2026-08-04 08:03:12,L02,POSTO04,PRODUTO_D,SN04000080,PASS,67
2026-08-04 08:04:00,L01,POSTO02,PRODUTO_C,SN04000081,PASS,53
2026-08-04 08:04:48,L02,POSTO04,PRODUTO_D,SN04000082,PASS,64
2026-08-04 08:05:36,L02,POSTO03,PRODUTO_C,SN04000083,PASS,53
2026-08-04 08:06:24,L02,POSTO03,PRODUTO_C,SN04000084,PASS,44
2026-08-04 08:07:12,L02,POSTO04,PRODUTO_C,SN04000085,PASS,53
2026-08-04 08:08:00,L02,POSTO04,PRODUTO_A,SN04000086,PASS,50
2026-08-04 08:08:48,L02,POSTO04,PRODUTO_D,SN04000087,PASS,62
2026-08-04 08:09:36,L01,POSTO02,PRODUTO_D,SN04000088,PASS,55
2026-08-04 08:10:24,L02,POSTO04,PRODUTO_D,SN04000089,PASS,49
2026-08-04 08:11:12,L01,POSTO02,PRODUTO_D,SN04000090,PASS,57
2026-08-04 08:12:00,L02,POSTO03,PRODUTO_A,SN04000091,PASS,46
2026-08-04 08:12:48,L04,POSTO07,PRODUTO_C,SN04000092,PASS,66
2026-08-04 08:13:36,L01,POSTO01,PRODUTO_C,SN04000093,PASS,47
2026-08-04 08:14:24,L01,POSTO02,PRODUTO_B,SN04000094,PASS,54
2026-08-04 08:15:12,L04,POSTO07,PRODUTO_C,SN04000095,PASS,53
2026-08-04 08:16:00,L02,POSTO04,PRODUTO_A,SN04000096,PASS,44
2026-08-04 08:16:48,L03,POSTO05,PRODUTO_C,SN04000097,PASS,67
2026-08-04 08:17:36,L04,POSTO07,PRODUTO_B,SN04000098,PASS,59
2026-08-04 08:18:24,L04,POSTO07,PRODUTO_B,SN04000099,PASS,56
2026-08-04 08:19:12,L03,POSTO06,PRODUTO_A,SN04000100,PASS,51
2026-08-04 08:20:00,L03,POSTO06,PRODUTO_C,SN04000101,PASS,52
2026-08-04 08:20:48,L01,POSTO01,PRODUTO_B,SN04000102,PASS,42
2026-08-04 08:21:36,L02,POSTO03,PRODUTO_B,SN04000103,PASS,45
2026-08-04 08:22:24,L03,POSTO06,PRODUTO_A,SN04000104,PASS,42
2026-08-04 08:23:12,L03,POSTO05,PRODUTO_C,SN04000105,PASS,63
2026-08-04 08:24:00,L04,POSTO08,PRODUTO_C,SN04000106,PASS,54
2026-08-04 08:24:48,L02,POSTO04,PRODUTO_A,SN04000107,PASS,51
2026-08-04 08:25:36,L04,POSTO08,PRODUTO_B,SN04000108,PASS,50
2026-08-04 08:26:24,L01,POSTO02,PRODUTO_B,SN04000109,PASS,47
2026-08-04 08:27:12,L02,POSTO04,PRODUTO_A,SN04000110,PASS,44
2026-08-04 08:28:00,L03,POSTO05,PRODUTO_B,SN04000111,PASS,49
2026-08-04 08:28:48,L04,POSTO08,PRODUTO_C,SN04000112,PASS,56
2026-08-04 08:29:36,L04,POSTO08,PRODUTO_B,SN04000113,PASS,53
2026-08-04 08:30:24,L02,POSTO03,PRODUTO_D,SN04000114,PASS,54
2026-08-04 08:31:12,L01,POSTO02,PRODUTO_C,SN04000115,PASS,51
2026-08-04 08:32:00,L04,POSTO08,PRODUTO_A,SN04000116,PASS,50
2026-08-04 08:32:48,L02,POSTO04,PRODUTO_A,SN04000117,PASS,50
2026-08-04 08:33:36,L02,POSTO03,PRODUTO_B,SN04000118,PASS,48
2026-08-04 08:34:24,L02,POSTO03,PRODUTO_B,SN04000119,PASS,59
2026-08-04 08:35:12,L01,POSTO01,PRODUTO_D,SN04000120,PASS,55
2026-08-04 08:36:00,L04,POSTO08,PRODUTO_B,SN04000121,PASS,62
2026-08-04 08:36:48,L04,POSTO07,PRODUTO_C,SN04000122,PASS,65
2026-08-04 08:37:36,L02,POSTO03,PRODUTO_B,SN04000123,PASS,60
2026-08-04 08:38:24,L01,POSTO01,PRODUTO_B,SN04000124,PASS,58
2026-08-04 08:39:12,L04,POSTO08,PRODUTO_A,SN04000125,PASS,53
2026-08-04 08:40:00,L02,POSTO03,PRODUTO_C,SN04000126,PASS,50
2026-08-04 08:40:48,L01,POSTO01,PRODUTO_B,SN04000127,PASS,54
2026-08-04 08:41:36,L04,POSTO08,PRODUTO_C,SN04000128,PASS,55
2026-08-04 08:42:24,L03,POSTO05,PRODUTO_B,SN04000129,PASS,41
2026-08-04 08:43:12,L01,POSTO01,PRODUTO_C,SN04000130,PASS,52
2026-08-04 08:44:00,L01,POSTO02,PRODUTO_B,SN04000131,PASS,46
2026-08-04 08:44:48,L03,POSTO05,PRODUTO_D,SN04000132,PASS,68
2026-08-04 08:45:36,L02,POSTO03,PRODUTO_C,SN04000133,PASS,56
2026-08-04 08:46:24,L04,POSTO07,PRODUTO_A,SN04000134,PASS,54
2026-08-04 08:47:12,L02,POSTO03,PRODUTO_B,SN04000135,PASS,55
2026-08-04 08:48:00,L03,POSTO06,PRODUTO_B,SN04000136,PASS,57
2026-08-04 08:48:48,L04,POSTO08,PRODUTO_B,SN04000137,PASS,51
2026-08-04 08:49:36,L02,POSTO03,PRODUTO_D,SN04000138,FAIL,91
2026-08-04 08:50:24,L03,POSTO05,PRODUTO_B,SN04000139,PASS,54
2026-08-04 08:51:12,L03,POSTO06,PRODUTO_B,SN04000140,PASS,56
2026-08-04 08:52:00,L04,POSTO07,PRODUTO_B,SN04000141,PASS,58
2026-08-04 08:52:48,L04,POSTO08,PRODUTO_B,SN04000142,PASS,50
2026-08-04 08:53:36,L01,POSTO02,PRODUTO_D,SN04000143,PASS,56
2026-08-04 08:54:24,L04,POSTO08,PRODUTO_A,SN04000144,PASS,53
2026-08-04 08:55:12,L01,POSTO02,PRODUTO_B,SN04000145,PASS,57
2026-08-04 08:56:00,L01,POSTO02,PRODUTO_B,SN04000146,PASS,45
2026-08-04 08:56:48,L02,POSTO04,PRODUTO_D,SN04000147,PASS,62
2026-08-04 08:57:36,L02,POSTO03,PRODUTO_A,SN04000148,PASS,48
2026-08-04 08:58:24,L03,POSTO05,PRODUTO_D,SN04000149,PASS,56
2026-08-04 08:59:12,L01,POSTO01,PRODUTO_A,SN04000150,PASS,48
2026-08-04 09:00:00,L03,POSTO06,PRODUTO_D,SN04000151,PASS,54
2026-08-04 09:00:48,L03,POSTO05,PRODUTO_A,SN04000152,PASS,54
2026-08-04 09:01:36,L01,POSTO01,PRODUTO_B,SN04000153,PASS,54
2026-08-04 09:02:24,L01,POSTO02,PRODUTO_C,SN04000154,PASS,59
2026-08-04 09:03:12,L01,POSTO02,PRODUTO_D,SN04000155,PASS,60
2026-08-04 09:04:00,L01,POSTO01,PRODUTO_B,SN04000156,PASS,54
2026-08-04 09:04:48,L01,POSTO01,PRODUTO_D,SN04000157,PASS,52
2026-08-04 09:05:36,L03,POSTO06,PRODUTO_D,SN04000158,PASS,69
2026-08-04 09:06:24,L03,POSTO06,PRODUTO_D,SN04000159,PASS,49
2026-08-04 09:07:12,L02,POSTO03,PRODUTO_A,SN04000160,PASS,48
2026-08-04 09:08:00,L04,POSTO07,PRODUTO_A,SN04000161,PASS,59
2026-08-04 09:08:48,L04,POSTO08,PRODUTO_B,SN04000162,PASS,55
2026-08-04 09:09:36,L01,POSTO01,PRODUTO_Y,SN04000163,PASS,52
2026-08-04 09:10:24,L03,POSTO05,PRODUTO_A,SN04000164,PASS,41
2026-08-04 09:11:12,L04,POSTO07,PRODUTO_A,SN04000165,PASS,42
2026-08-04 09:12:00,L04,POSTO07,PRODUTO_A,SN04000166,PASS,53
2026-08-04 09:12:48,L04,POSTO08,PRODUTO_B,SN04000167,PASS,53
2026-08-04 09:13:36,L01,POSTO02,PRODUTO_D,SN04000168,PASS,54
2026-08-04 09:14:24,L04,POSTO08,PRODUTO_C,SN04000169,PASS,60
2026-08-04 09:15:12,L03,POSTO05,PRODUTO_C,SN04000170,FAIL,63
2026-08-04 09:16:00,L03,POSTO06,PRODUTO_A,SN04000171,PASS,47
2026-08-04 09:16:48,L03,POSTO05,PRODUTO_C,SN04000172,PASS,64
2026-08-04 09:17:36,L03,POSTO06,PRODUTO_A,SN04000173,PASS,49
2026-08-04 09:18:24,L02,POSTO04,PRODUTO_B,SN04000174,PASS,56
2026-08-04 09:19:12,L03,POSTO06,PRODUTO_A,SN04000175,PASS,46
2026-08-04 09:20:00,L03,POSTO05,PRODUTO_C,SN04000176,PASS,64
2026-08-04 09:20:48,L01,POSTO02,PRODUTO_D,SN04000177,PASS,56
2026-08-04 09:21:36,L02,POSTO03,PRODUTO_D,SN04000178,PASS,66
2026-08-04 09:22:24,L03,POSTO06,PRODUTO_A,SN04000179,PASS,46
2026-08-04 09:23:12,L02,POSTO03,PRODUTO_A,SN04000180,PASS,42
2026-08-04 09:24:00,L01,POSTO01,PRODUTO_B,SN04000181,PASS,48
2026-08-04 09:24:48,L04,POSTO08,PRODUTO_X,SN04000182,FAIL,65
2026-08-04 09:25:36,L04,POSTO08,PRODUTO_B,SN04000183,PASS,57
2026-08-04 09:26:24,L02,POSTO03,PRODUTO_A,SN04000184,PASS,50
2026-08-04 09:27:12,L01,POSTO01,PRODUTO_Y,SN04000185,PASS,69
2026-08-04 09:28:00,L02,POSTO04,PRODUTO_D,SN04000186,PASS,60
2026-08-04 09:28:48,L04,POSTO08,PRODUTO_D,SN04000187,FAIL,64
2026-08-04 09:29:36,L04,POSTO08,PRODUTO_B,SN04000188,PASS,59
2026-08-04 09:30:24,L01,POSTO02,PRODUTO_C,SN04000189,PASS,61
2026-08-04 09:31:12,L01,POSTO01,PRODUTO_D,SN04000190,PASS,51
2026-08-04 09:32:00,L02,POSTO03,PRODUTO_B,SN04000191,PASS,58
2026-08-04 09:32:48,L03,POSTO05,PRODUTO_A,SN04000192,PASS,50
2026-08-04 09:33:36,L02,POSTO04,PRODUTO_D,SN04000193,PASS,51
2026-08-04 09:34:24,L02,POSTO04,PRODUTO_B,SN04000194,PASS,51
2026-08-04 09:35:12,L03,POSTO05,PRODUTO_D,SN04000195,PASS,55
2026-08-04 09:36:00,L01,POSTO02,PRODUTO_A,SN04000196,PASS,35
2026-08-04 09:36:48,L02,POSTO04,PRODUTO_D,SN04000197,PASS,60
2026-08-04 09:37:36,L04,POSTO07,PRODUTO_C,SN04000198,PASS,57
2026-08-04 09:38:24,L02,POSTO03,PRODUTO_D,SN04000199,PASS,59
2026-08-04 09:39:12,L04,POSTO08,PRODUTO_C,SN04000200,PASS,65
2026-08-04 09:40:00,L04,POSTO08,PRODUTO_B,SN04000201,PASS,56
2026-08-04 09:40:48,L02,POSTO03,PRODUTO_D,SN04000202,PASS,69
2026-08-04 09:41:36,L01,POSTO02,PRODUTO_D,SN04000203,PASS,55
2026-08-04 09:42:24,L04,POSTO07,PRODUTO_A,SN04000204,PASS,54
2026-08-04 09:43:12,L04,POSTO07,PRODUTO_C,SN04000205,PASS,56
2026-08-04 09:44:00,L04,POSTO07,PRODUTO_C,SN04000206,PASS,56
2026-08-04 09:44:48,L01,POSTO02,PRODUTO_C,SN04000207,PASS,46
2026-08-04 09:45:36,L01,POSTO01,PRODUTO_A,SN04000208,PASS,44
2026-08-04 09:46:24,L03,POSTO05,PRODUTO_D,SN04000209,PASS,62
2026-08-04 09:47:12,L02,POSTO04,PRODUTO_A,SN04000210,PASS,51
2026-08-04 09:48:00,L02,POSTO03,PRODUTO_C,SN04000211,PASS,63
2026-08-04 09:48:48,L01,POSTO01,PRODUTO_X,SN04000212,PASS,61
2026-08-04 09:49:36,L01,POSTO01,PRODUTO_C,SN04000213,PASS,45
2026-08-04 09:50:24,L01,POSTO01,PRODUTO_C,SN04000214,PASS,60
2026-08-04 09:51:12,L02,POSTO03,PRODUTO_B,SN04000215,PASS,49
2026-08-04 09:52:00,L03,POSTO05,PRODUTO_C,SN04000216,PASS,63
2026-08-04 09:52:48,L01,POSTO01,PRODUTO_D,SN04000217,PASS,56
2026-08-04 09:53:36,L01,POSTO01,PRODUTO_B,SN04000218,PASS,56
2026-08-04 09:54:24,L02,POSTO03,PRODUTO_D,SN04000219,PASS,58
2026-08-04 09:55:12,L01,POSTO02,PRODUTO_A,SN04000220,PASS,40
2026-08-04 09:56:00,L04,POSTO07,PRODUTO_B,SN04000221,PASS,56
2026-08-04 09:56:48,L01,POSTO01,PRODUTO_D,SN04000222,PASS,60
2026-08-04 09:57:36,L03,POSTO05,PRODUTO_A,SN04000223,PASS,52
2026-08-04 09:58:24,L01,POSTO01,PRODUTO_B,SN04000224,PASS,47
2026-08-04 09:59:12,L04,POSTO07,PRODUTO_A,SN04000225,PASS,54
2026-08-04 10:00:00,L04,POSTO08,PRODUTO_B,SN04000226,PASS,57
2026-08-04 10:00:48,L03,POSTO06,PRODUTO_A,SN04000227,PASS,51
2026-08-04 10:01:36,L03,POSTO06,PRODUTO_D,SN04000228,PASS,53
2026-08-04 10:02:24,L04,POSTO07,PRODUTO_C,SN04000229,PASS,52
2026-08-04 10:03:12,L03,POSTO06,PRODUTO_A,SN04000230,PASS,61
2026-08-04 10:04:00,L01,POSTO02,PRODUTO_A,SN04000231,PASS,56
2026-08-04 10:04:48,L02,POSTO04,PRODUTO_D,SN04000232,PASS,55
2026-08-04 10:05:36,L02,POSTO04,PRODUTO_A,SN04000233,PASS,46
2026-08-04 10:06:24,L04,POSTO07,PRODUTO_A,SN04000234,PASS,52
2026-08-04 10:07:12,L03,POSTO05,PRODUTO_A,SN04000235,PASS,40
2026-08-04 10:08:00,L01,POSTO02,PRODUTO_B,SN04000236,PASS,47
2026-08-04 10:08:48,L03,POSTO05,PRODUTO_B,SN04000237,PASS,56
2026-08-04 10:09:36,L04,POSTO08,PRODUTO_C,SN04000238,PASS,58
2026-08-04 10:10:24,L02,POSTO04,PRODUTO_A,SN04000239,PASS,55
2026-08-04 10:11:12,L02,POSTO04,PRODUTO_A,SN04000240,PASS,45
2026-08-04 10:12:00,L02,POSTO03,PRODUTO_C,SN04000241,PASS,53
2026-08-04 10:12:48,L02,POSTO04,PRODUTO_D,SN04000242,PASS,50
2026-08-04 10:13:36,L03,POSTO06,PRODUTO_C,SN04000243,PASS,59
2026-08-04 10:14:24,L04,POSTO08,PRODUTO_C,SN04000244,PASS,56
2026-08-04 10:15:12,L04,POSTO08,PRODUTO_C,SN04000245,PASS,57
2026-08-04 10:16:00,L04,POSTO07,PRODUTO_B,SN04000246,PASS,56
2026-08-04 10:16:48,L04,POSTO08,PRODUTO_D,SN04000247,PASS,65
2026-08-04 10:17:36,L03,POSTO06,PRODUTO_D,SN04000248,PASS,53
2026-08-04 10:18:24,L02,POSTO04,PRODUTO_C,SN04000249,PASS,59
2026-08-04 10:19:12,L04,POSTO08,PRODUTO_B,SN04000250,PASS,55
2026-08-04 10:20:00,L01,POSTO02,PRODUTO_D,SN04000251,PASS,54
2026-08-04 10:20:48,L04,POSTO07,PRODUTO_C,SN04000252,PASS,52
2026-08-04 10:21:36,L01,POSTO02,PRODUTO_B,SN04000253,PASS,51
2026-08-04 10:22:24,L03,POSTO05,PRODUTO_A,SN04000254,PASS,42
2026-08-04 10:23:12,L04,POSTO08,PRODUTO_A,SN04000255,PASS,58
2026-08-04 10:24:00,L03,POSTO05,PRODUTO_B,SN04000256,PASS,51
2026-08-04 10:24:48,L04,POSTO07,PRODUTO_C,SN04000257,PASS,61
2026-08-04 10:25:36,L04,POSTO08,PRODUTO_B,SN04000258,PASS,47
2026-08-04 10:26:24,L04,POSTO07,PRODUTO_C,SN04000259,PASS,55
2026-08-04 10:27:12,L02,POSTO04,PRODUTO_B,SN04000260,PASS,63
2026-08-04 10:28:00,L03,POSTO05,PRODUTO_B,SN04000261,PASS,43
2026-08-04 10:28:48,L02,POSTO04,PRODUTO_B,SN04000262,PASS,58
2026-08-04 10:29:36,L03,POSTO06,PRODUTO_D,SN04000263,PASS,61
2026-08-04 10:30:24,L03,POSTO06,PRODUTO_C,SN04000264,PASS,60
2026-08-04 10:31:12,L02,POSTO03,PRODUTO_B,SN04000265,PASS,59
2026-08-04 10:32:00,L03,POSTO06,PRODUTO_A,SN04000266,PASS,45
2026-08-04 10:32:48,L01,POSTO02,PRODUTO_A,SN04000267,PASS,43
2026-08-04 10:33:36,L04,POSTO07,PRODUTO_C,SN04000268,PASS,57
2026-08-04 10:34:24,L03,POSTO05,PRODUTO_C,SN04000269,PASS,58
2026-08-04 10:35:12,L01,POSTO02,PRODUTO_C,SN04000270,PASS,58
2026-08-04 10:36:00,L01,POSTO02,PRODUTO_B,SN04000271,PASS,46
2026-08-04 10:36:48,L03,POSTO06,PRODUTO_A,SN04000272,FAIL,59
2026-08-04 10:37:36,L03,POSTO05,PRODUTO_C,SN04000273,PASS,61
2026-08-04 10:38:24,L01,POSTO02,PRODUTO_B,SN04000274,PASS,58
2026-08-04 10:39:12,L02,POSTO03,PRODUTO_D,SN04000275,PASS,58
2026-08-04 10:40:00,L02,POSTO04,PRODUTO_D,SN04000276,PASS,55
2026-08-04 10:40:48,L04,POSTO07,PRODUTO_B,SN04000277,PASS,56
2026-08-04 10:41:36,L04,POSTO08,PRODUTO_X,SN04000278,PASS,64
2026-08-04 10:42:24,L01,POSTO01,PRODUTO_D,SN04000279,PASS,64
2026-08-04 10:43:12,L02,POSTO04,PRODUTO_B,SN04000280,PASS,52
2026-08-04 10:44:00,L02,POSTO03,PRODUTO_A,SN04000281,PASS,50
2026-08-04 10:44:48,L02,POSTO03,PRODUTO_A,SN04000282,PASS,48
2026-08-04 10:45:36,L04,POSTO08,PRODUTO_C,SN04000283,PASS,61
2026-08-04 10:46:24,L04,POSTO07,PRODUTO_C,SN04000284,PASS,55
2026-08-04 10:47:12,L02,POSTO03,PRODUTO_D,SN04000285,PASS,53
2026-08-04 10:48:00,L02,POSTO03,PRODUTO_A,SN04000286,PASS,54
2026-08-04 10:48:48,L03,POSTO06,PRODUTO_A,SN04000287,PASS,46
2026-08-04 10:49:36,L01,POSTO01,PRODUTO_B,SN04000288,PASS,47
2026-08-04 10:50:24,L01,POSTO01,PRODUTO_B,SN04000289,PASS,55
2026-08-04 10:51:12,L04,POSTO07,PRODUTO_B,SN04000290,PASS,57
2026-08-04 10:52:00,L03,POSTO05,PRODUTO_A,SN04000291,PASS,46
2026-08-04 10:52:48,L01,POSTO01,PRODUTO_D,SN04000292,PASS,49
2026-08-04 10:53:36,L01,POSTO01,PRODUTO_C,SN04000293,PASS,57
2026-08-04 10:54:24,L03,POSTO06,PRODUTO_B,SN04000294,PASS,52
2026-08-04 10:55:12,L02,POSTO03,PRODUTO_D,SN04000295,PASS,68
2026-08-04 10:56:00,L01,POSTO01,PRODUTO_A,SN04000296,PASS,42
2026-08-04 10:56:48,L02,POSTO04,PRODUTO_D,SN04000297,PASS,65
2026-08-04 10:57:36,L01,POSTO01,PRODUTO_A,SN04000298,PASS,45
2026-08-04 10:58:24,L01,POSTO02,PRODUTO_D,SN04000299,PASS,53
2026-08-04 10:59:12,L01,POSTO01,PRODUTO_B,SN04000300,PASS,51
2026-08-04 11:00:00,L01,POSTO01,PRODUTO_D,SN04000301,PASS,59
2026-08-04 11:00:48,L02,POSTO04,PRODUTO_B,SN04000302,PASS,55
2026-08-04 11:01:36,L04,POSTO08,PRODUTO_B,SN04000303,PASS,52
2026-08-04 11:02:24,L01,POSTO01,PRODUTO_A,SN04000304,PASS,41
2026-08-04 11:03:12,L04,POSTO08,PRODUTO_D,SN04000305,PASS,60
2026-08-04 11:04:00,L03,POSTO05,PRODUTO_A,SN04000306,PASS,46
2026-08-04 11:04:48,L02,POSTO03,PRODUTO_C,SN04000307,PASS,58
2026-08-04 11:05:36,L04,POSTO08,PRODUTO_A,SN04000308,PASS,52
2026-08-04 11:06:24,L04,POSTO08,PRODUTO_C,SN04000309,PASS,58
2026-08-04 11:07:12,L04,POSTO08,PRODUTO_X,SN04000310,PASS,69
2026-08-04 11:08:00,L03,POSTO05,PRODUTO_B,SN04000311,PASS,57
2026-08-04 11:08:48,L02,POSTO03,PRODUTO_B,SN04000312,PASS,47
2026-08-04 11:09:36,L01,POSTO01,PRODUTO_B,SN04000313,PASS,50
2026-08-04 11:10:24,L04,POSTO08,PRODUTO_D,SN04000314,PASS,61
2026-08-04 11:11:12,L04,POSTO08,PRODUTO_C,SN04000315,PASS,67
2026-08-04 11:12:00,L03,POSTO06,PRODUTO_C,SN04000316,PASS,64
2026-08-04 11:12:48,L03,POSTO05,PRODUTO_C,SN04000317,PASS,64
2026-08-04 11:13:36,L01,POSTO02,PRODUTO_C,SN04000318,PASS,56
2026-08-04 11:14:24,L04,POSTO07,PRODUTO_A,SN04000319,PASS,56
2026-08-04 11:15:12,L01,POSTO01,PRODUTO_A,SN04000320,PASS,48
2026-08-04 11:16:00,L03,POSTO05,PRODUTO_D,SN04000321,FAIL,63
2026-08-04 11:16:48,L04,POSTO07,PRODUTO_C,SN04000322,PASS,61
2026-08-04 11:17:36,L03,POSTO06,PRODUTO_C,SN04000323,PASS,59
2026-08-04 11:18:24,L04,POSTO07,PRODUTO_C,SN04000324,PASS,65
2026-08-04 11:19:12,L01,POSTO01,PRODUTO_D,SN04000325,PASS,61
2026-08-04 11:20:00,L03,POSTO05,PRODUTO_A,SN04000326,PASS,43
2026-08-04 11:20:48,L03,POSTO06,PRODUTO_A,SN04000327,PASS,47
2026-08-04 11:21:36,L01,POSTO02,PRODUTO_A,SN04000328,PASS,47
2026-08-04 11:22:24,L01,POSTO01,PRODUTO_D,SN04000329,PASS,52
2026-08-04 11:23:12,L01,POSTO01,PRODUTO_B,SN04000330,PASS,56
2026-08-04 11:24:00,L03,POSTO05,PRODUTO_A,SN04000331,PASS,43
2026-08-04 11:24:48,L03,POSTO05,PRODUTO_B,SN04000332,PASS,46
2026-08-04 11:25:36,L01,POSTO02,PRODUTO_C,SN04000333,PASS,55
2026-08-04 11:26:24,L01,POSTO02,PRODUTO_C,SN04000334,PASS,48
2026-08-04 11:27:12,L01,POSTO01,PRODUTO_D,SN04000335,PASS,56
2026-08-04 11:28:00,L02,POSTO03,PRODUTO_A,SN04000336,PASS,41
2026-08-04 11:28:48,L02,POSTO03,PRODUTO_D,SN04000337,PASS,53
2026-08-04 11:29:36,L01,POSTO01,PRODUTO_D,SN04000338,PASS,61
2026-08-04 11:30:24,L03,POSTO05,PRODUTO_A,SN04000339,PASS,45
2026-08-04 11:31:12,L03,POSTO06,PRODUTO_C,SN04000340,PASS,65
2026-08-04 11:32:00,L01,POSTO02,PRODUTO_A,SN04000341,PASS,52
2026-08-04 11:32:48,L01,POSTO01,PRODUTO_D,SN04000342,PASS,64
2026-08-04 11:33:36,L03,POSTO06,PRODUTO_A,SN04000343,PASS,42
2026-08-04 11:34:24,L04,POSTO07,PRODUTO_C,SN04000344,PASS,53
2026-08-04 11:35:12,L01,POSTO02,PRODUTO_B,SN04000345,PASS,56
2026-08-04 11:36:00,L01,POSTO01,PRODUTO_B,SN04000346,PASS,52
2026-08-04 11:36:48,L04,POSTO08,PRODUTO_A,SN04000347,PASS,53
2026-08-04 11:37:36,L01,POSTO02,PRODUTO_C,SN04000348,PASS,62
2026-08-04 11:38:24,L01,POSTO02,PRODUTO_C,SN04000349,PASS,55
2026-08-04 11:39:12,L01,POSTO02,PRODUTO_B,SN04000350,PASS,55
2026-08-04 11:40:00,L01,POSTO01,PRODUTO_D,SN04000351,PASS,52
2026-08-04 11:40:48,L03,POSTO05,PRODUTO_B,SN04000352,FAIL,45
2026-08-04 11:41:36,L01,POSTO02,PRODUTO_D,SN04000353,PASS,56
2026-08-04 11:42:24,L02,POSTO04,PRODUTO_C,SN04000354,PASS,46
2026-08-04 11:43:12,L02,POSTO04,PRODUTO_B,SN04000355,PASS,59
2026-08-04 11:44:00,L01,POSTO02,PRODUTO_A,SN04000356,PASS,52
2026-08-04 11:44:48,L02,POSTO03,PRODUTO_C,SN04000357,PASS,60
2026-08-04 11:45:36,L02,POSTO03,PRODUTO_B,SN04000358,PASS,53
2026-08-04 11:46:24,L01,POSTO02,PRODUTO_A,SN04000359,PASS,41
2026-08-04 11:47:12,L02,POSTO04,PRODUTO_A,SN04000360,PASS,49
2026-08-04 11:48:00,L04,POSTO08,PRODUTO_B,SN04000361,FAIL,74
2026-08-04 11:48:48,L03,POSTO06,PRODUTO_A,SN04000362,PASS,45
2026-08-04 11:49:36,L02,POSTO04,PRODUTO_B,SN04000363,PASS,53
2026-08-04 11:50:24,L01,POSTO01,PRODUTO_A,SN04000364,PASS,52
2026-08-04 11:51:12,L02,POSTO03,PRODUTO_C,SN04000365,PASS,53
2026-08-04 11:52:00,L03,POSTO05,PRODUTO_C,SN04000366,PASS,56
2026-08-04 11:52:48,L03,POSTO06,PRODUTO_C,SN04000367,PASS,58
2026-08-04 11:53:36,L01,POSTO01,PRODUTO_A,SN04000368,PASS,47
2026-08-04 11:54:24,L03,POSTO05,PRODUTO_A,SN04000369,PASS,51
2026-08-04 11:55:12,L02,POSTO03,PRODUTO_D,SN04000370,PASS,55
2026-08-04 11:56:00,L03,POSTO05,PRODUTO_C,SN04000371,PASS,60
2026-08-04 11:56:48,L03,POSTO05,PRODUTO_A,SN04000372,PASS,55
2026-08-04 11:57:36,L03,POSTO06,PRODUTO_D,SN04000373,PASS,62
2026-08-04 11:58:24,L02,POSTO04,PRODUTO_X,SN04000374,PASS,56
2026-08-04 11:59:12,L01,POSTO02,PRODUTO_B,SN04000375,PASS,56
2026-08-04 12:00:00,L02,POSTO03,PRODUTO_C,SN04000376,PASS,53
2026-08-04 12:00:48,L02,POSTO04,PRODUTO_A,SN04000377,PASS,53
2026-08-04 12:01:36,L03,POSTO05,PRODUTO_B,SN04000378,PASS,46
2026-08-04 12:02:24,L01,POSTO02,PRODUTO_B,SN04000379,PASS,45
2026-08-04 12:03:12,L03,POSTO05,PRODUTO_C,SN04000380,PASS,68
2026-08-04 12:04:00,L02,POSTO03,PRODUTO_B,SN04000381,PASS,46
2026-08-04 12:04:48,L04,POSTO08,PRODUTO_C,SN04000382,PASS,55
2026-08-04 12:05:36,L03,POSTO05,PRODUTO_A,SN04000383,PASS,46
2026-08-04 12:06:24,L02,POSTO04,PRODUTO_C,SN04000384,PASS,61
2026-08-04 12:07:12,L03,POSTO06,PRODUTO_A,SN04000385,PASS,50
2026-08-04 12:08:00,L03,POSTO05,PRODUTO_A,SN04000386,PASS,53
2026-08-04 12:08:48,L03,POSTO06,PRODUTO_A,SN04000387,PASS,45
2026-08-04 12:09:36,L02,POSTO03,PRODUTO_B,SN04000388,PASS,63
2026-08-04 12:10:24,L02,POSTO03,PRODUTO_D,SN04000389,PASS,59
2026-08-04 12:11:12,L03,POSTO05,PRODUTO_C,SN04000390,PASS,59
2026-08-04 12:12:00,L02,POSTO04,PRODUTO_D,SN04000391,PASS,61
2026-08-04 12:12:48,L04,POSTO07,PRODUTO_C,SN04000392,PASS,58
2026-08-04 12:13:36,L02,POSTO04,PRODUTO_C,SN04000393,PASS,58
2026-08-04 12:14:24,L04,POSTO07,PRODUTO_C,SN04000394,PASS,46
2026-08-04 12:15:12,L04,POSTO07,PRODUTO_C,SN04000395,PASS,53
2026-08-04 12:16:00,L04,POSTO08,PRODUTO_B,SN04000396,PASS,59
2026-08-04 12:16:48,L02,POSTO03,PRODUTO_B,SN04000397,PASS,64
2026-08-04 12:17:36,L03,POSTO06,PRODUTO_B,SN04000398,PASS,42
2026-08-04 12:18:24,L03,POSTO06,PRODUTO_C,SN04000399,PASS,59
2026-08-04 12:19:12,L03,POSTO05,PRODUTO_B,SN04000400,PASS,54
2026-08-04 12:20:00,L02,POSTO04,PRODUTO_A,SN04000401,PASS,59
2026-08-04 12:20:48,L04,POSTO07,PRODUTO_A,SN04000402,PASS,46
2026-08-04 12:21:36,L04,POSTO08,PRODUTO_B,SN04000403,PASS,56
2026-08-04 12:22:24,L03,POSTO05,PRODUTO_A,SN04000404,PASS,51
2026-08-04 12:23:12,L01,POSTO01,PRODUTO_C,SN04000405,PASS,52
2026-08-04 12:24:00,L03,POSTO05,PRODUTO_B,SN04000406,PASS,55
2026-08-04 12:24:48,L02,POSTO04,PRODUTO_C,SN04000407,PASS,57
2026-08-04 12:25:36,L03,POSTO05,PRODUTO_A,SN04000408,PASS,57
2026-08-04 12:26:24,L01,POSTO02,PRODUTO_C,SN04000409,PASS,45
2026-08-04 12:27:12,L03,POSTO05,PRODUTO_B,SN04000410,PASS,62
2026-08-04 12:28:00,L01,POSTO02,PRODUTO_C,SN04000411,PASS,46
2026-08-04 12:28:48,L03,POSTO05,PRODUTO_A,SN04000412,PASS,44
2026-08-04 12:29:36,L04,POSTO07,PRODUTO_B,SN04000413,PASS,56
2026-08-04 12:30:24,L04,POSTO07,PRODUTO_B,SN04000414,PASS,63
2026-08-04 12:31:12,L02,POSTO04,PRODUTO_D,SN04000415,PASS,71
2026-08-04 12:32:00,L02,POSTO04,PRODUTO_D,SN04000416,PASS,58
2026-08-04 12:32:48,L02,POSTO04,PRODUTO_A,SN04000417,PASS,48
2026-08-04 12:33:36,L04,POSTO07,PRODUTO_A,SN04000418,PASS,47
2026-08-04 12:34:24,L04,POSTO08,PRODUTO_B,SN04000419,PASS,66
2026-08-04 12:35:12,L01,POSTO02,PRODUTO_B,SN04000420,PASS,55
2026-08-04 12:36:00,L04,POSTO08,PRODUTO_B,SN04000421,PASS,64
2026-08-04 12:36:48,L03,POSTO06,PRODUTO_A,SN04000422,PASS,43
2026-08-04 12:37:36,L04,POSTO07,PRODUTO_B,SN04000423,PASS,69
2026-08-04 12:38:24,L01,POSTO01,PRODUTO_C,SN04000424,PASS,61
2026-08-04 12:39:12,L01,POSTO01,PRODUTO_A,SN04000425,PASS,39
2026-08-04 12:40:00,L04,POSTO08,PRODUTO_B,SN04000426,PASS,54
2026-08-04 12:40:48,L04,POSTO07,PRODUTO_B,SN04000427,PASS,63
2026-08-04 12:41:36,L01,POSTO02,PRODUTO_A,SN04000428,PASS,48
2026-08-04 12:42:24,L04,POSTO07,PRODUTO_D,SN04000429,PASS,69
2026-08-04 12:43:12,L04,POSTO07,PRODUTO_C,SN04000430,PASS,55
2026-08-04 12:44:00,L04,POSTO07,PRODUTO_A,SN04000431,PASS,54
2026-08-04 12:44:48,L04,POSTO07,PRODUTO_C,SN04000432,PASS,54
2026-08-04 12:45:36,L04,POSTO08,PRODUTO_C,SN04000433,PASS,63
2026-08-04 12:46:24,L02,POSTO03,PRODUTO_C,SN04000434,PASS,55
2026-08-04 12:47:12,L01,POSTO02,PRODUTO_A,SN04000435,PASS,52
2026-08-04 12:48:00,L03,POSTO05,PRODUTO_C,SN04000436,PASS,63
2026-08-04 12:48:48,L02,POSTO04,PRODUTO_A,SN04000437,PASS,50
2026-08-04 12:49:36,L03,POSTO06,PRODUTO_C,SN04000438,PASS,69
2026-08-04 12:50:24,L01,POSTO02,PRODUTO_B,SN04000439,PASS,50
2026-08-04 12:51:12,L01,POSTO02,PRODUTO_B,SN04000440,PASS,53
2026-08-04 12:52:00,L04,POSTO07,PRODUTO_C,SN04000441,PASS,60
2026-08-04 12:52:48,L04,POSTO07,PRODUTO_B,SN04000442,PASS,61
2026-08-04 12:53:36,L04,POSTO07,PRODUTO_A,SN04000443,PASS,52
2026-08-04 12:54:24,L01,POSTO01,PRODUTO_C,SN04000444,PASS,48
2026-08-04 12:55:12,L02,POSTO04,PRODUTO_C,SN04000445,PASS,52
2026-08-04 12:56:00,L01,POSTO02,PRODUTO_D,SN04000446,PASS,62
2026-08-04 12:56:48,L03,POSTO05,PRODUTO_C,SN04000447,PASS,56
2026-08-04 12:57:36,L04,POSTO08,PRODUTO_A,SN04000448,PASS,51
2026-08-04 12:58:24,L03,POSTO06,PRODUTO_D,SN04000449,PASS,65
2026-08-04 12:59:12,L02,POSTO03,PRODUTO_D,SN04000450,PASS,60
2026-08-04 13:00:00,L02,POSTO03,PRODUTO_B,SN04000451,PASS,51
2026-08-04 13:00:48,L02,POSTO04,PRODUTO_D,SN04000452,PASS,63
2026-08-04 13:01:36,L03,POSTO05,PRODUTO_C,SN04000453,PASS,53
2026-08-04 13:02:24,L01,POSTO02,PRODUTO_C,SN04000454,PASS,53
2026-08-04 13:03:12,L02,POSTO04,PRODUTO_C,SN04000455,PASS,64
2026-08-04 13:04:00,L03,POSTO06,PRODUTO_C,SN04000456,PASS,60
2026-08-04 13:04:48,L03,POSTO06,PRODUTO_D,SN04000457,PASS,58
2026-08-04 13:05:36,L03,POSTO06,PRODUTO_D,SN04000458,PASS,53
2026-08-04 13:06:24,L04,POSTO07,PRODUTO_B,SN04000459,PASS,59
2026-08-04 13:07:12,L03,POSTO06,PRODUTO_C,SN04000460,PASS,59
2026-08-04 13:08:00,L03,POSTO05,PRODUTO_B,SN04000461,PASS,55
2026-08-04 13:08:48,L01,POSTO01,PRODUTO_C,SN04000462,PASS,57
2026-08-04 13:09:36,L03,POSTO06,PRODUTO_A,SN04000463,PASS,48
2026-08-04 13:10:24,L02,POSTO03,PRODUTO_C,SN04000464,PASS,49
2026-08-04 13:11:12,L01,POSTO02,PRODUTO_D,SN04000465,PASS,57
2026-08-04 13:12:00,L03,POSTO05,PRODUTO_D,SN04000466,PASS,67
2026-08-04 13:12:48,L02,POSTO04,PRODUTO_C,SN04000467,PASS,55
2026-08-04 13:13:36,L02,POSTO03,PRODUTO_B,SN04000468,PASS,55
2026-08-04 13:14:24,L01,POSTO02,PRODUTO_A,SN04000469,PASS,51
2026-08-04 13:15:12,L03,POSTO06,PRODUTO_B,SN04000470,PASS,54
2026-08-04 13:16:00,L03,POSTO05,PRODUTO_A,SN04000471,PASS,47
2026-08-04 13:16:48,L04,POSTO08,PRODUTO_B,SN04000472,PASS,55
2026-08-04 13:17:36,L04,POSTO07,PRODUTO_B,SN04000473,PASS,67
2026-08-04 13:18:24,L03,POSTO06,PRODUTO_D,SN04000474,PASS,54
2026-08-04 13:19:12,L02,POSTO04,PRODUTO_D,SN04000475,PASS,64
2026-08-04 13:20:00,L02,POSTO03,PRODUTO_B,SN04000476,PASS,59
2026-08-04 13:20:48,L01,POSTO02,PRODUTO_D,SN04000477,PASS,56
2026-08-04 13:21:36,L03,POSTO06,PRODUTO_B,SN04000478,PASS,50
2026-08-04 13:22:24,L02,POSTO03,PRODUTO_C,SN04000479,PASS,56
2026-08-04 13:23:12,L02,POSTO04,PRODUTO_A,SN04000480,PASS,40
2026-08-04 13:24:00,L01,POSTO02,PRODUTO_D,SN04000481,PASS,51
2026-08-04 13:24:48,L04,POSTO08,PRODUTO_A,SN04000482,PASS,57
2026-08-04 13:25:36,L03,POSTO05,PRODUTO_B,SN04000483,PASS,55
2026-08-04 13:26:24,L04,POSTO08,PRODUTO_X,SN04000484,PASS,73
2026-08-04 13:27:12,L02,POSTO03,PRODUTO_B,SN04000485,PASS,57
2026-08-04 13:28:00,L01,POSTO02,PRODUTO_B,SN04000486,PASS,40
2026-08-04 13:28:48,L02,POSTO03,PRODUTO_Y,SN04000487,PASS,63
2026-08-04 13:29:36,L01,POSTO02,PRODUTO_C,SN04000488,PASS,52
2026-08-04 13:30:24,L02,POSTO03,PRODUTO_B,SN04000489,PASS,61
2026-08-04 13:31:12,L04,POSTO08,PRODUTO_B,SN04000490,PASS,62
2026-08-04 13:32:00,L03,POSTO05,PRODUTO_A,SN04000491,PASS,49
2026-08-04 13:32:48,L03,POSTO05,PRODUTO_D,SN04000492,PASS,63
2026-08-04 13:33:36,L02,POSTO04,PRODUTO_A,SN04000493,PASS,49
2026-08-04 13:34:24,L04,POSTO08,PRODUTO_D,SN04000494,PASS,61
2026-08-04 13:35:12,L02,POSTO04,PRODUTO_B,SN04000495,FAIL,56
2026-08-04 13:36:00,L03,POSTO06,PRODUTO_D,SN04000496,PASS,57
2026-08-04 13:36:48,L04,POSTO07,PRODUTO_A,SN04000497,PASS,52
2026-08-04 13:37:36,L04,POSTO07,PRODUTO_B,SN04000498,PASS,54
2026-08-04 13:38:24,L02,POSTO03,PRODUTO_D,SN04000499,PASS,70
2026-08-04 13:39:12,L01,POSTO02,PRODUTO_C,SN04000500,PASS,57
2026-08-04 13:40:00,L04,POSTO07,PRODUTO_A,SN04000501,PASS,49
2026-08-04 13:40:48,L02,POSTO04,PRODUTO_D,SN04000502,PASS,55
2026-08-04 13:41:36,L02,POSTO03,PRODUTO_B,SN04000503,PASS,69
2026-08-04 13:42:24,L02,POSTO03,PRODUTO_C,SN04000504,PASS,53
2026-08-04 13:43:12,L03,POSTO06,PRODUTO_A,SN04000505,PASS,45
2026-08-04 13:44:00,L03,POSTO05,PRODUTO_A,SN04000506,PASS,49
2026-08-04 13:44:48,L02,POSTO04,PRODUTO_A,SN04000507,PASS,46
2026-08-04 13:45:36,L04,POSTO07,PRODUTO_A,SN04000508,PASS,49
2026-08-04 13:46:24,L02,POSTO04,PRODUTO_C,SN04000509,PASS,55
2026-08-04 13:47:12,L02,POSTO04,PRODUTO_A,SN04000510,PASS,49
2026-08-04 13:48:00,L04,POSTO07,PRODUTO_A,SN04000511,PASS,44
2026-08-04 13:48:48,L01,POSTO01,PRODUTO_A,SN04000512,PASS,49
2026-08-04 13:49:36,L04,POSTO08,PRODUTO_C,SN04000513,PASS,59
2026-08-04 13:50:24,L01,POSTO02,PRODUTO_D,SN04000514,PASS,58
2026-08-04 13:51:12,L04,POSTO08,PRODUTO_B,SN04000515,PASS,54
2026-08-04 13:52:00,L02,POSTO04,PRODUTO_D,SN04000516,PASS,65
2026-08-04 13:52:48,L02,POSTO04,PRODUTO_A,SN04000517,PASS,42
2026-08-04 13:53:36,L02,POSTO03,PRODUTO_B,SN04000518,PASS,54
2026-08-04 13:54:24,L02,POSTO03,PRODUTO_A,SN04000519,PASS,47
2026-08-04 13:55:12,L03,POSTO06,PRODUTO_D,SN04000520,PASS,56
2026-08-04 13:56:00,L04,POSTO08,PRODUTO_B,SN04000521,PASS,61
2026-08-04 13:56:48,L04,POSTO08,PRODUTO_C,SN04000522,PASS,58
2026-08-04 13:57:36,L02,POSTO04,PRODUTO_A,SN04000523,PASS,45
2026-08-04 13:58:24,L02,POSTO04,PRODUTO_A,SN04000524,PASS,49
2026-08-04 13:59:12,L01,POSTO02,PRODUTO_D,SN04000525,PASS,56
2026-08-04 14:00:00,L04,POSTO07,PRODUTO_B,SN04000526,PASS,61
2026-08-04 14:00:48,L04,POSTO08,PRODUTO_A,SN04000527,PASS,56
2026-08-04 14:01:36,L03,POSTO05,PRODUTO_C,SN04000528,PASS,66
2026-08-04 14:02:24,L01,POSTO02,PRODUTO_A,SN04000529,PASS,55
2026-08-04 14:03:12,L01,POSTO02,PRODUTO_D,SN04000530,PASS,59
2026-08-04 14:04:00,L01,POSTO02,PRODUTO_B,SN04000531,PASS,48
2026-08-04 14:04:48,L02,POSTO04,PRODUTO_B,SN04000532,PASS,56
2026-08-04 14:05:36,L04,POSTO08,PRODUTO_C,SN04000533,PASS,55
2026-08-04 14:06:24,L03,POSTO05,PRODUTO_B,SN04000534,PASS,46
2026-08-04 14:07:12,L02,POSTO03,PRODUTO_B,SN04000535,PASS,59
2026-08-04 14:08:00,L01,POSTO02,PRODUTO_D,SN04000536,PASS,64
2026-08-04 14:08:48,L02,POSTO03,PRODUTO_C,SN04000537,PASS,56
2026-08-04 14:09:36,L03,POSTO06,PRODUTO_B,SN04000538,PASS,48
2026-08-04 14:10:24,L02,POSTO03,PRODUTO_B,SN04000539,PASS,64
2026-08-04 14:11:12,L02,POSTO03,PRODUTO_A,SN04000540,PASS,52
2026-08-04 14:12:00,L04,POSTO08,PRODUTO_A,SN04000541,PASS,52
2026-08-04 14:12:48,L03,POSTO06,PRODUTO_C,SN04000542,PASS,68
2026-08-04 14:13:36,L03,POSTO05,PRODUTO_B,SN04000543,PASS,56
2026-08-04 14:14:24,L01,POSTO02,PRODUTO_C,SN04000544,PASS,57
2026-08-04 14:15:12,L03,POSTO05,PRODUTO_B,SN04000545,PASS,51
2026-08-04 14:16:00,L02,POSTO03,PRODUTO_D,SN04000546,PASS,66
2026-08-04 14:16:48,L01,POSTO01,PRODUTO_D,SN04000547,FAIL,69
2026-08-04 14:17:36,L03,POSTO06,PRODUTO_D,SN04000548,PASS,61
2026-08-04 14:18:24,L04,POSTO07,PRODUTO_B,SN04000549,PASS,54
2026-08-04 14:19:12,L03,POSTO05,PRODUTO_C,SN04000550,PASS,61
2026-08-04 14:20:00,L02,POSTO04,PRODUTO_D,SN04000551,PASS,62
2026-08-04 14:20:48,L02,POSTO04,PRODUTO_C,SN04000552,PASS,63
2026-08-04 14:21:36,L04,POSTO08,PRODUTO_A,SN04000553,PASS,38
2026-08-04 14:22:24,L02,POSTO03,PRODUTO_C,SN04000554,PASS,61
2026-08-04 14:23:12,L01,POSTO02,PRODUTO_B,SN04000555,FAIL,69
2026-08-04 14:24:00,L01,POSTO01,PRODUTO_A,SN04000556,PASS,46
2026-08-04 14:24:48,L04,POSTO08,PRODUTO_A,SN04000557,PASS,51
2026-08-04 14:25:36,L03,POSTO05,PRODUTO_C,SN04000558,PASS,58
2026-08-04 14:26:24,L01,POSTO01,PRODUTO_D,SN04000559,PASS,57
2026-08-04 14:27:12,L04,POSTO07,PRODUTO_C,SN04000560,PASS,60
2026-08-04 14:28:00,L02,POSTO04,PRODUTO_C,SN04000561,PASS,46
2026-08-04 14:28:48,L04,POSTO07,PRODUTO_C,SN04000562,PASS,49
2026-08-04 14:29:36,L01,POSTO01,PRODUTO_A,SN04000563,PASS,53
2026-08-04 14:30:24,L02,POSTO03,PRODUTO_C,SN04000564,PASS,63
2026-08-04 14:31:12,L04,POSTO07,PRODUTO_A,SN04000565,PASS,51
2026-08-04 14:32:00,L03,POSTO05,PRODUTO_B,SN04000566,PASS,50
2026-08-04 14:32:48,L02,POSTO04,PRODUTO_D,SN04000567,PASS,69
2026-08-04 14:33:36,L03,POSTO06,PRODUTO_C,SN04000568,PASS,59
2026-08-04 14:34:24,L03,POSTO06,PRODUTO_A,SN04000569,PASS,52
2026-08-04 14:35:12,L02,POSTO04,PRODUTO_A,SN04000570,PASS,46
2026-08-04 14:36:00,L01,POSTO01,PRODUTO_B,SN04000571,PASS,50
2026-08-04 14:36:48,L04,POSTO08,PRODUTO_B,SN04000572,PASS,58
2026-08-04 14:37:36,L02,POSTO04,PRODUTO_A,SN04000573,PASS,44
2026-08-04 14:38:24,L04,POSTO08,PRODUTO_B,SN04000574,FAIL,75
2026-08-04 14:39:12,L02,POSTO04,PRODUTO_D,SN04000575,PASS,62
2026-08-04 14:40:00,L03,POSTO05,PRODUTO_B,SN04000576,PASS,49
2026-08-04 14:40:48,L03,POSTO06,PRODUTO_A,SN04000577,PASS,56
2026-08-04 14:41:36,L03,POSTO05,PRODUTO_A,SN04000578,PASS,36
2026-08-04 14:42:24,L01,POSTO02,PRODUTO_D,SN04000579,PASS,59
2026-08-04 14:43:12,L02,POSTO04,PRODUTO_D,SN04000580,PASS,58
2026-08-04 14:44:00,L02,POSTO03,PRODUTO_B,SN04000581,PASS,50
2026-08-04 14:44:48,L03,POSTO06,PRODUTO_D,SN04000582,PASS,63
2026-08-04 14:45:36,L04,POSTO08,PRODUTO_A,SN04000583,PASS,44
2026-08-04 14:46:24,L04,POSTO08,PRODUTO_A,SN04000584,PASS,49
2026-08-04 14:47:12,L02,POSTO03,PRODUTO_D,SN04000585,PASS,62
2026-08-04 14:48:00,L02,POSTO04,PRODUTO_C,SN04000586,PASS,52
2026-08-04 14:48:48,L01,POSTO02,PRODUTO_D,SN04000587,PASS,48
2026-08-04 14:49:36,L01,POSTO01,PRODUTO_B,SN04000588,PASS,48
2026-08-04 14:50:24,L03,POSTO06,PRODUTO_C,SN04000589,PASS,74
2026-08-04 14:51:12,L04,POSTO08,PRODUTO_A,SN04000590,PASS,47
2026-08-04 14:52:00,L04,POSTO07,PRODUTO_A,SN04000591,PASS,48
2026-08-04 14:52:48,L03,POSTO06,PRODUTO_A,SN04000592,PASS,50
2026-08-04 14:53:36,L01,POSTO02,PRODUTO_A,SN04000593,PASS,46
2026-08-04 14:54:24,L03,POSTO05,PRODUTO_B,SN04000594,PASS,56
2026-08-04 14:55:12,L01,POSTO01,PRODUTO_C,SN04000595,PASS,48
2026-08-04 14:56:00,L03,POSTO05,PRODUTO_C,SN04000596,PASS,64
2026-08-04 14:56:48,L02,POSTO04,PRODUTO_D,SN04000597,PASS,65
2026-08-04 14:57:36,L04,POSTO07,PRODUTO_D,SN04000598,PASS,69
2026-08-04 14:58:24,L02,POSTO04,PRODUTO_A,SN04000599,PASS,52
2026-08-04 14:59:12,L04,POSTO07,PRODUTO_C,SN04000600,PASS,54
2026-08-04 15:00:00,L02,POSTO04,PRODUTO_C,SN04000601,PASS,54
2026-08-04 15:00:48,L03,POSTO05,PRODUTO_A,SN04000602,PASS,44
2026-08-04 15:01:36,L03,POSTO05,PRODUTO_D,SN04000603,PASS,61
2026-08-04 15:02:24,L03,POSTO05,PRODUTO_D,SN04000604,PASS,59
2026-08-04 15:03:12,L02,POSTO03,PRODUTO_C,SN04000605,PASS,51
2026-08-04 15:04:00,L02,POSTO03,PRODUTO_A,SN04000606,PASS,49
2026-08-04 15:04:48,L02,POSTO03,PRODUTO_A,SN04000607,PASS,37
2026-08-04 15:05:36,L04,POSTO08,PRODUTO_B,SN04000608,PASS,54
2026-08-04 15:06:24,L02,POSTO04,PRODUTO_A,SN04000609,PASS,53
2026-08-04 15:07:12,L03,POSTO06,PRODUTO_B,SN04000610,PASS,45
2026-08-04 15:08:00,L03,POSTO06,PRODUTO_A,SN04000611,PASS,51
2026-08-04 15:08:48,L01,POSTO02,PRODUTO_D,SN04000612,PASS,56
2026-08-04 15:09:36,L03,POSTO05,PRODUTO_Y,SN04000613,PASS,49
2026-08-04 15:10:24,L01,POSTO02,PRODUTO_B,SN04000614,PASS,57
2026-08-04 15:11:12,L03,POSTO05,PRODUTO_B,SN04000615,PASS,40
2026-08-04 15:12:00,L03,POSTO06,PRODUTO_C,SN04000616,PASS,68
2026-08-04 15:12:48,L01,POSTO01,PRODUTO_B,SN04000617,PASS,47
2026-08-04 15:13:36,L04,POSTO07,PRODUTO_A,SN04000618,PASS,48
2026-08-04 15:14:24,L01,POSTO01,PRODUTO_A,SN04000619,PASS,49
2026-08-04 15:15:12,L03,POSTO05,PRODUTO_C,SN04000620,PASS,62
2026-08-04 15:16:00,L02,POSTO03,PRODUTO_C,SN04000621,PASS,56
2026-08-04 15:16:48,L04,POSTO08,PRODUTO_B,SN04000622,PASS,60
2026-08-04 15:17:36,L02,POSTO03,PRODUTO_Y,SN04000623,PASS,67
2026-08-04 15:18:24,L04,POSTO08,PRODUTO_B,SN04000624,PASS,61
2026-08-04 15:19:12,L03,POSTO05,PRODUTO_C,SN04000625,PASS,71
2026-08-04 15:20:00,L01,POSTO02,PRODUTO_C,SN04000626,PASS,55
2026-08-04 15:20:48,L04,POSTO08,PRODUTO_D,SN04000627,PASS,69
2026-08-04 15:21:36,L02,POSTO03,PRODUTO_D,SN04000628,PASS,55
2026-08-04 15:22:24,L01,POSTO02,PRODUTO_A,SN04000629,PASS,53
2026-08-04 15:23:12,L04,POSTO07,PRODUTO_C,SN04000630,PASS,58
2026-08-04 15:24:00,L01,POSTO01,PRODUTO_C,SN04000631,PASS,46
2026-08-04 15:24:48,L02,POSTO03,PRODUTO_C,SN04000632,PASS,54
2026-08-04 15:25:36,L04,POSTO07,PRODUTO_B,SN04000633,PASS,49
2026-08-04 15:26:24,L03,POSTO06,PRODUTO_B,SN04000634,PASS,47
2026-08-04 15:27:12,L03,POSTO06,PRODUTO_B,SN04000635,PASS,47
2026-08-04 15:28:00,L04,POSTO07,PRODUTO_B,SN04000636,PASS,61
2026-08-04 15:28:48,L03,POSTO05,PRODUTO_D,SN04000637,PASS,59
2026-08-04 15:29:36,L01,POSTO02,PRODUTO_B,SN04000638,PASS,47
2026-08-04 15:30:24,L01,POSTO02,PRODUTO_D,SN04000639,PASS,69
2026-08-04 15:31:12,L04,POSTO07,PRODUTO_C,SN04000640,PASS,59
2026-08-04 15:32:00,L03,POSTO06,PRODUTO_D,SN04000641,PASS,60
2026-08-04 15:32:48,L04,POSTO07,PRODUTO_C,SN04000642,PASS,58
2026-08-04 15:33:36,L01,POSTO01,PRODUTO_B,SN04000643,PASS,54
2026-08-04 15:34:24,L03,POSTO06,PRODUTO_C,SN04000644,PASS,70
2026-08-04 15:35:12,L04,POSTO07,PRODUTO_B,SN04000645,PASS,58
2026-08-04 15:36:00,L01,POSTO02,PRODUTO_B,SN04000646,PASS,57
2026-08-04 15:36:48,L04,POSTO08,PRODUTO_A,SN04000647,PASS,49
2026-08-04 15:37:36,L03,POSTO05,PRODUTO_D,SN04000648,PASS,58
2026-08-04 15:38:24,L01,POSTO02,PRODUTO_D,SN04000649,PASS,54
2026-08-04 15:39:12,L02,POSTO04,PRODUTO_A,SN04000650,PASS,52
2026-08-04 15:40:00,L03,POSTO05,PRODUTO_B,SN04000651,PASS,58
2026-08-04 15:40:48,L02,POSTO03,PRODUTO_B,SN04000652,PASS,53
2026-08-04 15:41:36,L01,POSTO02,PRODUTO_A,SN04000653,PASS,43
2026-08-04 15:42:24,L04,POSTO07,PRODUTO_D,SN04000654,PASS,60
2026-08-04 15:43:12,L03,POSTO05,PRODUTO_C,SN04000655,PASS,62
2026-08-04 15:44:00,L02,POSTO04,PRODUTO_A,SN04000656,PASS,56
2026-08-04 15:44:48,L03,POSTO05,PRODUTO_B,SN04000657,PASS,44
2026-08-04 15:45:36,L04,POSTO08,PRODUTO_C,SN04000658,PASS,53
2026-08-04 15:46:24,L04,POSTO08,PRODUTO_B,SN04000659,PASS,53
2026-08-04 15:47:12,L02,POSTO03,PRODUTO_A,SN04000660,PASS,47
2026-08-04 15:48:00,L03,POSTO06,PRODUTO_B,SN04000661,PASS,56
2026-08-04 15:48:48,L01,POSTO02,PRODUTO_D,SN04000662,PASS,65
2026-08-04 15:49:36,L03,POSTO06,PRODUTO_B,SN04000663,PASS,48
2026-08-04 15:50:24,L03,POSTO06,PRODUTO_C,SN04000664,PASS,68
2026-08-04 15:51:12,L03,POSTO06,PRODUTO_D,SN04000665,PASS,62
2026-08-04 15:52:00,L03,POSTO05,PRODUTO_B,SN04000666,PASS,56
2026-08-04 15:52:48,L03,POSTO05,PRODUTO_A,SN04000667,PASS,54
2026-08-04 15:53:36,L02,POSTO04,PRODUTO_B,SN04000668,PASS,55
2026-08-04 15:54:24,L03,POSTO06,PRODUTO_D,SN04000669,PASS,62
2026-08-04 15:55:12,L03,POSTO05,PRODUTO_B,SN04000670,PASS,55
2026-08-04 15:56:00,L01,POSTO01,PRODUTO_A,SN04000671,PASS,42
2026-08-04 15:56:48,L01,POSTO02,PRODUTO_C,SN04000672,PASS,59
2026-08-04 15:57:36,L02,POSTO03,PRODUTO_D,SN04000673,PASS,63
2026-08-04 15:58:24,L02,POSTO03,PRODUTO_B,SN04000674,PASS,60
2026-08-04 15:59:12,L01,POSTO02,PRODUTO_B,SN04000675,PASS,49
2026-08-04 16:00:00,L02,POSTO03,PRODUTO_D,SN04000676,PASS,68
2026-08-04 16:00:48,L02,POSTO03,PRODUTO_D,SN04000677,FAIL,78
2026-08-04 16:01:36,L04,POSTO07,PRODUTO_C,SN04000678,PASS,64
2026-08-04 16:02:24,L03,POSTO06,PRODUTO_D,SN04000679,PASS,55
2026-08-04 16:03:12,L04,POSTO07,PRODUTO_A,SN04000680,PASS,49
2026-08-04 16:04:00,L03,POSTO06,PRODUTO_C,SN04000681,PASS,61
2026-08-04 16:04:48,L01,POSTO01,PRODUTO_B,SN04000682,PASS,67
2026-08-04 16:05:36,L01,POSTO01,PRODUTO_C,SN04000683,PASS,58
2026-08-04 16:06:24,L01,POSTO01,PRODUTO_B,SN04000684,PASS,49
2026-08-04 16:07:12,L02,POSTO03,PRODUTO_D,SN04000685,PASS,61
2026-08-04 16:08:00,L04,POSTO08,PRODUTO_C,SN04000686,FAIL,59
2026-08-04 16:08:48,L01,POSTO01,PRODUTO_B,SN04000687,PASS,42
2026-08-04 16:09:36,L04,POSTO07,PRODUTO_C,SN04000688,PASS,52
2026-08-04 16:10:24,L04,POSTO07,PRODUTO_C,SN04000689,PASS,60
2026-08-04 16:11:12,L01,POSTO01,PRODUTO_C,SN04000690,PASS,57
2026-08-04 16:12:00,L01,POSTO01,PRODUTO_B,SN04000691,PASS,49
2026-08-04 16:12:48,L01,POSTO02,PRODUTO_C,SN04000692,PASS,51
2026-08-04 16:13:36,L02,POSTO04,PRODUTO_A,SN04000693,PASS,50
2026-08-04 16:14:24,L02,POSTO04,PRODUTO_D,SN04000694,PASS,62
2026-08-04 16:15:12,L02,POSTO03,PRODUTO_C,SN04000695,PASS,63
2026-08-04 16:16:00,L03,POSTO05,PRODUTO_A,SN04000696,PASS,55
2026-08-04 16:16:48,L03,POSTO05,PRODUTO_B,SN04000697,PASS,52
2026-08-04 16:17:36,L02,POSTO04,PRODUTO_D,SN04000698,FAIL,62
2026-08-04 16:18:24,L03,POSTO05,PRODUTO_C,SN04000699,PASS,63
2026-08-04 16:19:12,L03,POSTO06,PRODUTO_A,SN04000700,PASS,49
2026-08-04 16:20:00,L02,POSTO03,PRODUTO_A,SN04000701,PASS,49
2026-08-04 16:20:48,L01,POSTO02,PRODUTO_C,SN04000702,PASS,54
2026-08-04 16:21:36,L04,POSTO08,PRODUTO_B,SN04000703,PASS,58
2026-08-04 16:22:24,L03,POSTO06,PRODUTO_D,SN04000704,PASS,63
2026-08-04 16:23:12,L03,POSTO06,PRODUTO_B,SN04000705,PASS,54
2026-08-04 16:24:00,L02,POSTO03,PRODUTO_C,SN04000706,PASS,63
2026-08-04 16:24:48,L01,POSTO02,PRODUTO_Y,SN04000707,PASS,55
2026-08-04 16:25:36,L03,POSTO06,PRODUTO_C,SN04000708,PASS,57
2026-08-04 16:26:24,L03,POSTO05,PRODUTO_D,SN04000709,PASS,60
2026-08-04 16:27:12,L03,POSTO06,PRODUTO_C,SN04000710,PASS,65
2026-08-04 16:28:00,L04,POSTO07,PRODUTO_D,SN04000711,PASS,65
2026-08-04 16:28:48,L02,POSTO04,PRODUTO_C,SN04000712,FAIL,57
2026-08-04 16:29:36,L01,POSTO02,PRODUTO_D,SN04000713,PASS,56
2026-08-04 16:30:24,L03,POSTO06,PRODUTO_D,SN04000714,PASS,66
2026-08-04 16:31:12,L02,POSTO03,PRODUTO_B,SN04000715,PASS,56
2026-08-04 16:32:00,L01,POSTO01,PRODUTO_C,SN04000716,PASS,57
2026-08-04 16:32:48,L01,POSTO01,PRODUTO_B,SN04000717,PASS,50
2026-08-04 16:33:36,L03,POSTO06,PRODUTO_A,SN04000718,PASS,50
2026-08-04 16:34:24,L02,POSTO04,PRODUTO_A,SN04000719,PASS,54
2026-08-04 16:35:12,L02,POSTO03,PRODUTO_A,SN04000720,PASS,48
2026-08-04 16:36:00,L01,POSTO02,PRODUTO_A,SN04000721,PASS,46
2026-08-04 16:36:48,L02,POSTO04,PRODUTO_D,SN04000722,PASS,62
2026-08-04 16:37:36,L03,POSTO06,PRODUTO_C,SN04000723,PASS,64
2026-08-04 16:38:24,L04,POSTO08,PRODUTO_D,SN04000724,PASS,65
2026-08-04 16:39:12,L02,POSTO04,PRODUTO_A,SN04000725,PASS,52
2026-08-04 16:40:00,L03,POSTO05,PRODUTO_A,SN04000726,PASS,39
2026-08-04 16:40:48,L01,POSTO02,PRODUTO_B,SN04000727,PASS,42
2026-08-04 16:41:36,L02,POSTO03,PRODUTO_B,SN04000728,PASS,57
2026-08-04 16:42:24,L01,POSTO01,PRODUTO_A,SN04000729,PASS,44
2026-08-04 16:43:12,L03,POSTO06,PRODUTO_D,SN04000730,PASS,56
2026-08-04 16:44:00,L04,POSTO08,PRODUTO_B,SN04000731,PASS,58
2026-08-04 16:44:48,L02,POSTO03,PRODUTO_D,SN04000732,PASS,60
2026-08-04 16:45:36,L01,POSTO02,PRODUTO_B,SN04000733,PASS,49
2026-08-04 16:46:24,L03,POSTO06,PRODUTO_X,SN04000734,PASS,53
2026-08-04 16:47:12,L02,POSTO04,PRODUTO_A,SN04000735,PASS,44
2026-08-04 16:48:00,L02,POSTO04,PRODUTO_C,SN04000736,PASS,52
2026-08-04 16:48:48,L03,POSTO06,PRODUTO_D,SN04000737,PASS,61
2026-08-04 16:49:36,L01,POSTO02,PRODUTO_D,SN04000738,PASS,68
2026-08-04 16:50:24,L01,POSTO01,PRODUTO_A,SN04000739,PASS,50
2026-08-04 16:51:12,L04,POSTO07,PRODUTO_X,SN04000740,PASS,63
2026-08-04 16:52:00,L03,POSTO06,PRODUTO_D,SN04000741,PASS,52
2026-08-04 16:52:48,L04,POSTO07,PRODUTO_B,SN04000742,PASS,56
2026-08-04 16:53:36,L03,POSTO06,PRODUTO_C,SN04000743,PASS,57
2026-08-04 16:54:24,L02,POSTO03,PRODUTO_C,SN04000744,PASS,59
2026-08-04 16:55:12,L01,POSTO01,PRODUTO_C,SN04000745,PASS,57
2026-08-04 16:56:00,L04,POSTO07,PRODUTO_C,SN04000746,PASS,58
2026-08-04 16:56:48,L04,POSTO08,PRODUTO_A,SN04000747,PASS,48
2026-08-04 16:57:36,L04,POSTO08,PRODUTO_B,SN04000748,PASS,65
2026-08-04 16:58:24,L03,POSTO05,PRODUTO_A,SN04000749,PASS,50
2026-08-04 16:59:12,L03,POSTO05,PRODUTO_D,SN04000750,PASS,70
2026-08-04 17:00:00,L03,POSTO05,PRODUTO_D,SN04000751,PASS,65
2026-08-04 17:00:48,L02,POSTO03,PRODUTO_B,SN04000752,PASS,62
2026-08-04 17:01:36,L01,POSTO02,PRODUTO_D,SN04000753,PASS,62
2026-08-04 17:02:24,L01,POSTO01,PRODUTO_B,SN04000754,PASS,53
2026-08-04 17:03:12,L02,POSTO03,PRODUTO_B,SN04000755,PASS,56
2026-08-04 17:04:00,L03,POSTO05,PRODUTO_A,SN04000756,PASS,49
2026-08-04 17:04:48,L02,POSTO04,PRODUTO_A,SN04000757,PASS,49
2026-08-04 17:05:36,L02,POSTO04,PRODUTO_C,SN04000758,PASS,56
2026-08-04 17:06:24,L02,POSTO03,PRODUTO_B,SN04000759,PASS,61
2026-08-04 17:07:12,L01,POSTO02,PRODUTO_B,SN04000760,PASS,45
2026-08-04 17:08:00,L01,POSTO01,PRODUTO_A,SN04000761,FAIL,59
2026-08-04 17:08:48,L02,POSTO04,PRODUTO_B,SN04000762,PASS,57
2026-08-04 17:09:36,L01,POSTO02,PRODUTO_B,SN04000763,PASS,43
2026-08-04 17:10:24,L01,POSTO01,PRODUTO_C,SN04000764,PASS,45
2026-08-04 17:11:12,L04,POSTO07,PRODUTO_B,SN04000765,PASS,57
2026-08-04 17:12:00,L02,POSTO04,PRODUTO_A,SN04000766,PASS,48
2026-08-04 17:12:48,L01,POSTO02,PRODUTO_A,SN04000767,PASS,45
2026-08-04 17:13:36,L03,POSTO05,PRODUTO_B,SN04000768,PASS,55
2026-08-04 17:14:24,L01,POSTO01,PRODUTO_C,SN04000769,PASS,54
2026-08-04 17:15:12,L04,POSTO08,PRODUTO_B,SN04000770,PASS,55
2026-08-04 17:16:00,L02,POSTO03,PRODUTO_A,SN04000771,PASS,48
2026-08-04 17:16:48,L01,POSTO02,PRODUTO_B,SN04000772,PASS,61
2026-08-04 17:17:36,L02,POSTO04,PRODUTO_C,SN04000773,PASS,59
2026-08-04 17:18:24,L01,POSTO01,PRODUTO_A,SN04000774,PASS,48
2026-08-04 17:19:12,L04,POSTO08,PRODUTO_D,SN04000775,PASS,64
2026-08-04 17:20:00,L04,POSTO08,PRODUTO_B,SN04000776,PASS,59
2026-08-04 17:20:48,L04,POSTO07,PRODUTO_A,SN04000777,PASS,50
2026-08-04 17:21:36,L01,POSTO01,PRODUTO_A,SN04000778,PASS,42
2026-08-04 17:22:24,L03,POSTO05,PRODUTO_D,SN04000779,PASS,58
2026-08-04 17:23:12,L02,POSTO03,PRODUTO_B,SN04000780,PASS,62
2026-08-04 17:24:00,L02,POSTO04,PRODUTO_C,SN04000781,PASS,65
2026-08-04 17:24:48,L04,POSTO08,PRODUTO_C,SN04000782,PASS,58
2026-08-04 17:25:36,L04,POSTO07,PRODUTO_A,SN04000783,PASS,52
2026-08-04 17:26:24,L03,POSTO06,PRODUTO_D,SN04000784,PASS,54
2026-08-04 17:27:12,L03,POSTO05,PRODUTO_C,SN04000785,PASS,68
2026-08-04 17:28:00,L02,POSTO04,PRODUTO_C,SN04000786,PASS,55
2026-08-04 17:28:48,L02,POSTO03,PRODUTO_B,SN04000787,PASS,61
2026-08-04 17:29:36,L01,POSTO02,PRODUTO_A,SN04000788,PASS,45
2026-08-04 17:30:24,L02,POSTO04,PRODUTO_C,SN04000789,PASS,66
2026-08-04 17:31:12,L03,POSTO06,PRODUTO_C,SN04000790,PASS,67
2026-08-04 17:32:00,L02,POSTO04,PRODUTO_A,SN04000791,PASS,57
2026-08-04 17:32:48,L02,POSTO04,PRODUTO_D,SN04000792,PASS,66
2026-08-04 17:33:36,L01,POSTO02,PRODUTO_D,SN04000793,PASS,54
2026-08-04 17:34:24,L02,POSTO03,PRODUTO_C,SN04000794,PASS,59
2026-08-04 17:35:12,L02,POSTO03,PRODUTO_C,SN04000795,PASS,56
2026-08-04 17:36:00,L03,POSTO05,PRODUTO_A,SN04000796,PASS,40
2026-08-04 17:36:48,L03,POSTO06,PRODUTO_A,SN04000797,PASS,42
2026-08-04 17:37:36,L04,POSTO07,PRODUTO_A,SN04000798,PASS,50
2026-08-04 17:38:24,L03,POSTO05,PRODUTO_D,SN04000799,PASS,62
2026-08-04 17:39:12,L01,POSTO01,PRODUTO_B,SN04000800,PASS,47
2026-08-04 17:40:00,L02,POSTO04,PRODUTO_B,SN04000801,PASS,62
2026-08-04 17:40:48,L02,POSTO04,PRODUTO_A,SN04000802,PASS,42
2026-08-04 17:41:36,L02,POSTO04,PRODUTO_A,SN04000803,PASS,53
2026-08-04 17:42:24,L02,POSTO04,PRODUTO_C,SN04000804,PASS,60
2026-08-04 17:43:12,L02,POSTO04,PRODUTO_A,SN04000805,PASS,43
2026-08-04 17:44:00,L04,POSTO07,PRODUTO_A,SN04000806,PASS,44
2026-08-04 17:44:48,L03,POSTO06,PRODUTO_B,SN04000807,PASS,53
2026-08-04 17:45:36,L01,POSTO02,PRODUTO_D,SN04000808,PASS,51
2026-08-04 17:46:24,L01,POSTO01,PRODUTO_A,SN04000809,PASS,45
2026-08-04 17:47:12,L02,POSTO03,PRODUTO_D,SN04000810,PASS,63
2026-08-04 17:48:00,L02,POSTO03,PRODUTO_A,SN04000811,PASS,48
2026-08-04 17:48:48,L01,POSTO02,PRODUTO_C,SN04000812,PASS,60
2026-08-04 17:49:36,L04,POSTO08,PRODUTO_C,SN04000813,PASS,56
2026-08-04 17:50:24,L01,POSTO01,PRODUTO_B,SN04000814,PASS,41
2026-08-04 17:51:12,L01,POSTO02,PRODUTO_A,SN04000815,PASS,45
2026-08-04 17:52:00,L03,POSTO06,PRODUTO_B,SN04000816,PASS,52
2026-08-04 17:52:48,L01,POSTO01,PRODUTO_A,SN04000817,PASS,53
2026-08-04 17:53:36,L02,POSTO03,PRODUTO_A,SN04000818,PASS,53
2026-08-04 17:54:24,L02,POSTO04,PRODUTO_C,SN04000819,PASS,64
2026-08-04 17:55:12,L01,POSTO02,PRODUTO_B,SN04000820,PASS,52
2026-08-04 17:56:00,L01,POSTO02,PRODUTO_Y,SN04000821,PASS,59
2026-08-04 17:56:48,L01,POSTO02,PRODUTO_D,SN04000822,PASS,51
2026-08-04 17:57:36,L03,POSTO06,PRODUTO_B,SN04000823,PASS,55
2026-08-04 17:58:24,L04,POSTO07,PRODUTO_B,SN04000824,PASS,55
2026-08-04 17:59:12,L03,POSTO06,PRODUTO_C,SN04000825,PASS,71
2026-08-04 18:00:00,L02,POSTO03,PRODUTO_D,SN04000826,PASS,65
2026-08-04 18:00:48,L03,POSTO05,PRODUTO_A,SN04000827,PASS,45
2026-08-04 18:01:36,L03,POSTO05,PRODUTO_D,SN04000828,PASS,58
2026-08-04 18:02:24,L03,POSTO05,PRODUTO_A,SN04000829,PASS,49
2026-08-04 18:03:12,L01,POSTO01,PRODUTO_D,SN04000830,PASS,67
2026-08-04 18:04:00,L01,POSTO01,PRODUTO_C,SN04000831,PASS,53
2026-08-04 18:04:48,L02,POSTO04,PRODUTO_C,SN04000832,PASS,49
2026-08-04 18:05:36,L01,POSTO01,PRODUTO_C,SN04000833,PASS,57
2026-08-04 18:06:24,L02,POSTO03,PRODUTO_A,SN04000834,PASS,45
2026-08-04 18:07:12,L01,POSTO01,PRODUTO_A,SN04000835,PASS,46
2026-08-04 18:08:00,L04,POSTO08,PRODUTO_A,SN04000836,PASS,53
2026-08-04 18:08:48,L03,POSTO06,PRODUTO_B,SN04000837,PASS,50
2026-08-04 18:09:36,L02,POSTO03,PRODUTO_C,SN04000838,PASS,41
2026-08-04 18:10:24,L01,POSTO01,PRODUTO_A,SN04000839,PASS,39
2026-08-04 18:11:12,L04,POSTO08,PRODUTO_A,SN04000840,PASS,53
2026-08-04 18:12:00,L04,POSTO07,PRODUTO_D,SN04000841,FAIL,66
2026-08-04 18:12:48,L03,POSTO05,PRODUTO_D,SN04000842,PASS,54
2026-08-04 18:13:36,L02,POSTO04,PRODUTO_B,SN04000843,PASS,62
2026-08-04 18:14:24,L02,POSTO04,PRODUTO_D,SN04000844,PASS,56
2026-08-04 18:15:12,L04,POSTO07,PRODUTO_A,SN04000845,PASS,37
2026-08-04 18:16:00,L02,POSTO03,PRODUTO_D,SN04000846,PASS,64
2026-08-04 18:16:48,L04,POSTO08,PRODUTO_A,SN04000847,PASS,47
2026-08-04 18:17:36,L01,POSTO02,PRODUTO_A,SN04000848,FAIL,52
2026-08-04 18:18:24,L03,POSTO05,PRODUTO_D,SN04000849,PASS,56
2026-08-04 18:19:12,L02,POSTO04,PRODUTO_D,SN04000850,PASS,60
2026-08-04 18:20:00,L03,POSTO06,PRODUTO_A,SN04000851,PASS,47
2026-08-04 18:20:48,L03,POSTO06,PRODUTO_C,SN04000852,PASS,60
2026-08-04 18:21:36,L01,POSTO02,PRODUTO_D,SN04000853,PASS,66
2026-08-04 18:22:24,L04,POSTO08,PRODUTO_A,SN04000854,PASS,53
2026-08-04 18:23:12,L04,POSTO08,PRODUTO_D,SN04000855,PASS,66
2026-08-04 18:24:00,L04,POSTO07,PRODUTO_A,SN04000856,PASS,48
2026-08-04 18:24:48,L03,POSTO05,PRODUTO_B,SN04000857,PASS,48
2026-08-04 18:25:36,L01,POSTO02,PRODUTO_D,SN04000858,PASS,58
2026-08-04 18:26:24,L03,POSTO05,PRODUTO_B,SN04000859,FAIL,57
2026-08-04 18:27:12,L01,POSTO02,PRODUTO_A,SN04000860,PASS,42
2026-08-04 18:28:00,L01,POSTO01,PRODUTO_A,SN04000861,PASS,47
2026-08-04 18:28:48,L01,POSTO01,PRODUTO_B,SN04000862,PASS,54
2026-08-04 18:29:36,L02,POSTO03,PRODUTO_D,SN04000863,PASS,61
2026-08-04 18:30:24,L04,POSTO07,PRODUTO_A,SN04000864,PASS,52
2026-08-04 18:31:12,L02,POSTO03,PRODUTO_B,SN04000865,PASS,58
2026-08-04 18:32:00,L01,POSTO01,PRODUTO_D,SN04000866,PASS,63
2026-08-04 18:32:48,L03,POSTO05,PRODUTO_B,SN04000867,PASS,51
2026-08-04 18:33:36,L02,POSTO04,PRODUTO_D,SN04000868,PASS,54
2026-08-04 18:34:24,L01,POSTO01,PRODUTO_C,SN04000869,PASS,46
2026-08-04 18:35:12,L01,POSTO02,PRODUTO_A,SN04000870,PASS,52
2026-08-04 18:36:00,L04,POSTO08,PRODUTO_A,SN04000871,PASS,51
2026-08-04 18:36:48,L02,POSTO03,PRODUTO_C,SN04000872,PASS,56
2026-08-04 18:37:36,L02,POSTO04,PRODUTO_C,SN04000873,PASS,62
2026-08-04 18:38:24,L03,POSTO06,PRODUTO_A,SN04000874,PASS,43
2026-08-04 18:39:12,L04,POSTO08,PRODUTO_C,SN04000875,FAIL,43
2026-08-04 18:40:00,L02,POSTO03,PRODUTO_C,SN04000876,FAIL,67
2026-08-04 18:40:48,L04,POSTO08,PRODUTO_C,SN04000877,FAIL,75
2026-08-04 18:41:36,L04,POSTO08,PRODUTO_D,SN04000878,PASS,67
2026-08-04 18:42:24,L01,POSTO01,PRODUTO_C,SN04000879,PASS,49
2026-08-04 18:43:12,L02,POSTO04,PRODUTO_D,SN04000880,PASS,59
2026-08-04 18:44:00,L03,POSTO06,PRODUTO_C,SN04000881,PASS,60
2026-08-04 18:44:48,L04,POSTO08,PRODUTO_A,SN04000882,PASS,49
2026-08-04 18:45:36,L04,POSTO07,PRODUTO_C,SN04000883,PASS,62
2026-08-04 18:46:24,L03,POSTO05,PRODUTO_B,SN04000884,PASS,53
2026-08-04 18:47:12,L04,POSTO07,PRODUTO_C,SN04000885,PASS,62
2026-08-04 18:48:00,L02,POSTO04,PRODUTO_D,SN04000886,PASS,68
2026-08-04 18:48:48,L02,POSTO03,PRODUTO_D,SN04000887,PASS,63
2026-08-04 18:49:36,L04,POSTO07,PRODUTO_A,SN04000888,PASS,61
2026-08-04 18:50:24,L01,POSTO01,PRODUTO_B,SN04000889,PASS,49
2026-08-04 18:51:12,L01,POSTO02,PRODUTO_C,SN04000890,PASS,56
2026-08-04 18:52:00,L04,POSTO08,PRODUTO_B,SN04000891,PASS,58
2026-08-04 18:52:48,L01,POSTO02,PRODUTO_A,SN04000892,PASS,50
2026-08-04 18:53:36,L03,POSTO05,PRODUTO_B,SN04000893,PASS,50
2026-08-04 18:54:24,L01,POSTO01,PRODUTO_C,SN04000894,PASS,50
2026-08-04 18:55:12,L01,POSTO02,PRODUTO_C,SN04000895,FAIL,66
2026-08-04 18:56:00,L04,POSTO07,PRODUTO_B,SN04000896,PASS,57
2026-08-04 18:56:48,L03,POSTO06,PRODUTO_B,SN04000897,PASS,55
2026-08-04 18:57:36,L01,POSTO02,PRODUTO_B,SN04000898,PASS,47
2026-08-04 18:58:24,L02,POSTO04,PRODUTO_C,SN04000899,PASS,58
2026-08-04 18:59:12,L02,POSTO04,PRODUTO_D,SN04000900,PASS,58
2026-08-04 19:00:00,L03,POSTO06,PRODUTO_D,SN04000901,PASS,54
2026-08-04 19:00:48,L02,POSTO03,PRODUTO_D,SN04000902,PASS,51
2026-08-04 19:01:36,L04,POSTO08,PRODUTO_A,SN04000903,PASS,50
2026-08-04 19:02:24,L01,POSTO02,PRODUTO_A,SN04000904,PASS,45
2026-08-04 19:03:12,L03,POSTO06,PRODUTO_B,SN04000905,PASS,56
2026-08-04 19:04:00,L01,POSTO02,PRODUTO_B,SN04000906,PASS,47
2026-08-04 19:04:48,L01,POSTO02,PRODUTO_B,SN04000907,PASS,54
2026-08-04 19:05:36,L01,POSTO01,PRODUTO_D,SN04000908,PASS,58
2026-08-04 19:06:24,L04,POSTO07,PRODUTO_B,SN04000909,PASS,62
2026-08-04 19:07:12,L03,POSTO06,PRODUTO_A,SN04000910,PASS,49
2026-08-04 19:08:00,L01,POSTO01,PRODUTO_D,SN04000911,PASS,54
2026-08-04 19:08:48,L02,POSTO03,PRODUTO_D,SN04000912,PASS,60
2026-08-04 19:09:36,L02,POSTO04,PRODUTO_C,SN04000913,PASS,62
2026-08-04 19:10:24,L03,POSTO05,PRODUTO_D,SN04000914,PASS,62
2026-08-04 19:11:12,L02,POSTO03,PRODUTO_A,SN04000915,PASS,56
2026-08-04 19:12:00,L04,POSTO07,PRODUTO_D,SN04000916,PASS,72
2026-08-04 19:12:48,L04,POSTO07,PRODUTO_C,SN04000917,PASS,59
2026-08-04 19:13:36,L02,POSTO04,PRODUTO_A,SN04000918,PASS,52
2026-08-04 19:14:24,L02,POSTO03,PRODUTO_C,SN04000919,PASS,55
2026-08-04 19:15:12,L02,POSTO03,PRODUTO_A,SN04000920,PASS,51
2026-08-04 19:16:00,L01,POSTO02,PRODUTO_A,SN04000921,PASS,50
2026-08-04 19:16:48,L04,POSTO08,PRODUTO_A,SN04000922,PASS,43
2026-08-04 19:17:36,L03,POSTO06,PRODUTO_D,SN04000923,PASS,53
2026-08-04 19:18:24,L01,POSTO02,PRODUTO_B,SN04000924,PASS,54
2026-08-04 19:19:12,L03,POSTO05,PRODUTO_C,SN04000925,PASS,56
2026-08-04 19:20:00,L02,POSTO03,PRODUTO_A,SN04000926,PASS,53
2026-08-04 19:20:48,L03,POSTO06,PRODUTO_A,SN04000927,PASS,41
2026-08-04 19:21:36,L03,POSTO05,PRODUTO_B,SN04000928,PASS,53
2026-08-04 19:22:24,L02,POSTO03,PRODUTO_B,SN04000929,PASS,50
2026-08-04 19:23:12,L01,POSTO02,PRODUTO_A,SN04000930,PASS,46
2026-08-04 19:24:00,L01,POSTO02,PRODUTO_B,SN04000931,PASS,47
2026-08-04 19:24:48,L04,POSTO08,PRODUTO_A,SN04000932,PASS,61
2026-08-04 19:25:36,L04,POSTO07,PRODUTO_C,SN04000933,PASS,64
2026-08-04 19:26:24,L01,POSTO02,PRODUTO_A,SN04000934,PASS,36
2026-08-04 19:27:12,L04,POSTO08,PRODUTO_C,SN04000935,PASS,52
2026-08-04 19:28:00,L01,POSTO01,PRODUTO_B,SN04000936,PASS,51
2026-08-04 19:28:48,L01,POSTO02,PRODUTO_C,SN04000937,PASS,52
2026-08-04 19:29:36,L04,POSTO08,PRODUTO_B,SN04000938,PASS,50
2026-08-04 19:30:24,L04,POSTO08,PRODUTO_A,SN04000939,PASS,40
2026-08-04 19:31:12,L04,POSTO07,PRODUTO_B,SN04000940,PASS,64
2026-08-04 19:32:00,L01,POSTO01,PRODUTO_D,SN04000941,PASS,53
2026-08-04 19:32:48,L02,POSTO04,PRODUTO_C,SN04000942,PASS,63
2026-08-04 19:33:36,L01,POSTO01,PRODUTO_B,SN04000943,PASS,57
2026-08-04 19:34:24,L03,POSTO05,PRODUTO_C,SN04000944,PASS,63
2026-08-04 19:35:12,L02,POSTO03,PRODUTO_C,SN04000945,PASS,59
2026-08-04 19:36:00,L02,POSTO04,PRODUTO_A,SN04000946,PASS,51
2026-08-04 19:36:48,L04,POSTO08,PRODUTO_A,SN04000947,PASS,53
2026-08-04 19:37:36,L04,POSTO07,PRODUTO_A,SN04000948,PASS,57
2026-08-04 19:38:24,L03,POSTO05,PRODUTO_C,SN04000949,PASS,68
2026-08-04 19:39:12,L02,POSTO03,PRODUTO_C,SN04000950,PASS,57
2026-08-04 19:40:00,L02,POSTO03,PRODUTO_C,SN04000951,PASS,57
2026-08-04 19:40:48,L03,POSTO06,PRODUTO_D,SN04000952,PASS,62
2026-08-04 19:41:36,L04,POSTO08,PRODUTO_B,SN04000953,PASS,65
2026-08-04 19:42:24,L03,POSTO06,PRODUTO_D,SN04000954,PASS,57
2026-08-04 19:43:12,L03,POSTO06,PRODUTO_B,SN04000955,PASS,56
2026-08-04 19:44:00,L03,POSTO06,PRODUTO_D,SN04000956,PASS,64
2026-08-04 19:44:48,L02,POSTO03,PRODUTO_B,SN04000957,PASS,57
2026-08-04 19:45:36,L01,POSTO02,PRODUTO_A,SN04000958,PASS,44
2026-08-04 19:46:24,L02,POSTO04,PRODUTO_A,SN04000959,PASS,50
2026-08-04 19:47:12,L04,POSTO08,PRODUTO_A,SN04000960,PASS,46
2026-08-04 19:48:00,L03,POSTO05,PRODUTO_B,SN04000961,PASS,54
2026-08-04 19:48:48,L02,POSTO04,PRODUTO_A,SN04000962,PASS,52
2026-08-04 19:49:36,L02,POSTO03,PRODUTO_D,SN04000963,PASS,63
2026-08-04 19:50:24,L01,POSTO02,PRODUTO_A,SN04000964,PASS,44
2026-08-04 19:51:12,L04,POSTO07,PRODUTO_C,SN04000965,PASS,60
2026-08-04 19:52:00,L01,POSTO01,PRODUTO_C,SN04000966,PASS,53
2026-08-04 19:52:48,L03,POSTO06,PRODUTO_A,SN04000967,PASS,40
2026-08-04 19:53:36,L03,POSTO05,PRODUTO_A,SN04000968,PASS,43
2026-08-04 19:54:24,L01,POSTO02,PRODUTO_A,SN04000969,PASS,40
2026-08-04 19:55:12,L03,POSTO05,PRODUTO_B,SN04000970,PASS,54
2026-08-04 19:56:00,L02,POSTO04,PRODUTO_A,SN04000971,PASS,53
2026-08-04 19:56:48,L02,POSTO04,PRODUTO_C,SN04000972,PASS,55
2026-08-04 19:57:36,L01,POSTO02,PRODUTO_C,SN04000973,PASS,49
2026-08-04 19:58:24,L03,POSTO06,PRODUTO_C,SN04000974,PASS,65
2026-08-04 19:59:12,L03,POSTO06,PRODUTO_C,SN04000975,PASS,61
2026-08-04 20:00:00,L03,POSTO05,PRODUTO_A,SN04000976,PASS,53
2026-08-04 20:00:48,L01,POSTO01,PRODUTO_D,SN04000977,PASS,59
2026-08-04 20:01:36,L02,POSTO03,PRODUTO_A,SN04000978,PASS,38
2026-08-04 20:02:24,L02,POSTO03,PRODUTO_B,SN04000979,PASS,63
2026-08-04 20:03:12,L02,POSTO04,PRODUTO_A,SN04000980,PASS,45
2026-08-04 20:04:00,L04,POSTO08,PRODUTO_D,SN04000981,PASS,71
2026-08-04 20:04:48,L03,POSTO06,PRODUTO_B,SN04000982,PASS,44
2026-08-04 20:05:36,L01,POSTO02,PRODUTO_C,SN04000983,PASS,57
2026-08-04 20:06:24,L02,POSTO03,PRODUTO_B,SN04000984,PASS,67
2026-08-04 20:07:12,L02,POSTO03,PRODUTO_C,SN04000985,PASS,57
2026-08-04 20:08:00,L01,POSTO02,PRODUTO_C,SN04000986,PASS,60
2026-08-04 20:08:48,L02,POSTO04,PRODUTO_A,SN04000987,PASS,52
2026-08-04 20:09:36,L03,POSTO06,PRODUTO_A,SN04000988,PASS,42
2026-08-04 20:10:24,L04,POSTO07,PRODUTO_C,SN04000989,PASS,66
2026-08-04 20:11:12,L02,POSTO03,PRODUTO_B,SN04000990,PASS,54
2026-08-04 20:12:00,L04,POSTO08,PRODUTO_A,SN04000991,PASS,45
2026-08-04 20:12:48,L03,POSTO05,PRODUTO_D,SN04000992,PASS,64
2026-08-04 20:13:36,L01,POSTO01,PRODUTO_C,SN04000993,PASS,51
2026-08-04 20:14:24,L04,POSTO07,PRODUTO_B,SN04000994,PASS,53
2026-08-04 20:15:12,L02,POSTO03,PRODUTO_A,SN04000995,PASS,57
2026-08-04 20:16:00,L01,POSTO01,PRODUTO_D,SN04000996,PASS,60
2026-08-04 20:16:48,L02,POSTO04,PRODUTO_C,SN04000997,PASS,62
2026-08-04 20:17:36,L03,POSTO06,PRODUTO_D,SN04000998,PASS,53
2026-08-04 20:18:24,L03,POSTO06,PRODUTO_C,SN04000999,PASS,69
2026-08-04 20:19:12,L02,POSTO03,PRODUTO_B,SN04001000,PASS,63
